{
  "input": {
    "detected": "/home/roman/mini-mesh-eval/runs/v34_test8/lesion_final.ply",
    "gt": "/mnt/c/Users/Roman/Documents/blender/foot_with_veins/gt_export_v12/region_lesion_top_v12.ply",
    "n_points": 20000,
    "seed": 0
  },
  "alignment": {
    "init_scale_area_ratio": 126.34107189045531,
    "scale_recon_to_mm": 127.14051228436249,
    "icp_fitness": 1.0,
    "icp_inlier_rmse_mm": 0.16867345044285842,
    "sim3_transform": [
      [
        83.44883912706213,
        95.92140196897452,
        0.29284224811289267,
        40.114365926786455
      ],
      [
        -95.12744759630242,
        82.80720166957487,
        -16.076253587119997,
        43.380922913928515
      ],
      [
        -12.319489684602054,
        10.332563084280167,
        126.1196978189778,
        32.260188953471925
      ],
      [
        0.0,
        0.0,
        0.0,
        1.0
      ]
    ]
  },
  "area": {
    "detected_area_recon_units2": 0.051007006990903596,
    "detected_area_mm2": 824.513469035411,
    "gt_area_mm2": 814.1772348222818,
    "area_diff_mm2": 10.336234213129273,
    "area_diff_pct": 1.269531223798644
  },
  "ad_hd": {
    "AD_mm": 0.14823635587649503,
    "HD_mm": 0.701115546185397,
    "HD90_mm": 0.2454787170006095,
    "mean_det_to_gt_mm": 0.14978225208367732,
    "mean_gt_to_det_mm": 0.14669045966931277,
    "max_det_to_gt_mm": 0.701115546185397,
    "max_gt_to_det_mm": 0.5349604515097054,
    "p90_det_to_gt_mm": 0.2454787170006095,
    "p90_gt_to_det_mm": 0.23707332821954383
  },
  "fscore": {
    "T_0.10mm": {
      "precision": 0.26545,
      "recall": 0.2636,
      "f1": 0.2645217654285984
    },
    "T_0.20mm": {
      "precision": 0.79815,
      "recall": 0.8065,
      "f1": 0.8023032748574456
    },
    "T_0.30mm": {
      "precision": 0.95185,
      "recall": 0.96405,
      "f1": 0.9579111566365676
    },
    "T_0.50mm": {
      "precision": 0.9976,
      "recall": 0.99975,
      "f1": 0.9986738428417654
    },
    "T_0.70mm": {
      "precision": 0.99995,
      "recall": 1.0,
      "f1": 0.9999749993749844
    },
    "T_1.00mm": {
      "precision": 1.0,
      "recall": 1.0,
      "f1": 1.0
    }
  },
  "nc": 0.9918167993696025,
  "w2_mm": 0.946913341161374,
  "w2_nc": 0.9856111664136626,
  "w2_subsample": 2000,
  "aux_iou": {
    "pca_2d_iou_pct": 98.78376923904855,
    "pca_det_area_mm2": 736,
    "pca_gt_area_mm2": 740,
    "voxel_iou_pct": 45.341260791659884,
    "voxel_size_mm": 0.3000431149994601
  }
}