{
  "input": {
    "detected": "/home/roman/mini-mesh-eval/runs/v34_test4/lesion_clustered.ply",
    "gt": "/mnt/c/Users/Roman/Documents/blender/foot_with_veins/gt_export_v12/region_lesion_top_v12.ply",
    "n_points": 20000,
    "seed": 0
  },
  "alignment": {
    "init_scale_area_ratio": 159.2540383975914,
    "scale_recon_to_mm": 160.64496909133726,
    "icp_fitness": 1.0,
    "icp_inlier_rmse_mm": 0.18066085214211727,
    "sim3_transform": [
      [
        128.80376749708512,
        95.98499424010305,
        1.810097688229886,
        64.70226678657525
      ],
      [
        -95.70890258439246,
        128.62414517263153,
        -10.121330893618316,
        55.47445263276032
      ],
      [
        -7.496768570878857,
        7.0367786446457234,
        160.3155897024906,
        41.6030052487338
      ],
      [
        0.0,
        0.0,
        0.0,
        1.0
      ]
    ]
  },
  "area": {
    "detected_area_recon_units2": 0.03210244028257479,
    "detected_area_mm2": 828.4614515280758,
    "gt_area_mm2": 814.1772348222818,
    "area_diff_mm2": 14.284216705794051,
    "area_diff_pct": 1.754435778213819
  },
  "ad_hd": {
    "AD_mm": 0.16331050998416025,
    "HD_mm": 0.6912150493820849,
    "HD90_mm": 0.2589191399571276,
    "mean_det_to_gt_mm": 0.16468924246452094,
    "mean_gt_to_det_mm": 0.16193177750379956,
    "max_det_to_gt_mm": 0.6912150493820849,
    "max_gt_to_det_mm": 0.493373857672829,
    "p90_det_to_gt_mm": 0.2589191399571276,
    "p90_gt_to_det_mm": 0.25295438588120145
  },
  "fscore": {
    "T_0.10mm": {
      "precision": 0.1902,
      "recall": 0.191,
      "f1": 0.19059916054564535
    },
    "T_0.20mm": {
      "precision": 0.72035,
      "recall": 0.7273,
      "f1": 0.7238083169274341
    },
    "T_0.30mm": {
      "precision": 0.9569,
      "recall": 0.96985,
      "f1": 0.9633314804722979
    },
    "T_0.50mm": {
      "precision": 0.99855,
      "recall": 1.0,
      "f1": 0.9992744739936454
    },
    "T_0.70mm": {
      "precision": 1.0,
      "recall": 1.0,
      "f1": 1.0
    },
    "T_1.00mm": {
      "precision": 1.0,
      "recall": 1.0,
      "f1": 1.0
    }
  },
  "nc": 0.9897545066691025,
  "w2_mm": 1.0658065715022975,
  "w2_nc": 0.9765532545124778,
  "w2_subsample": 2000,
  "aux_iou": {
    "pca_2d_iou_pct": 98.77069067773763,
    "pca_det_area_mm2": 734,
    "pca_gt_area_mm2": 740,
    "voxel_iou_pct": 40.34950239009482,
    "voxel_size_mm": 0.2993836245864576
  }
}