{
  "input": {
    "detected": "/home/roman/mini-mesh-eval/runs/v34_test16/lesion_binary_v34n.ply",
    "gt": "/mnt/c/Users/Roman/Documents/blender/foot_with_veins/gt_export_v12/region_lesion_top_v12.ply",
    "n_points": 20000,
    "seed": 0
  },
  "alignment": {
    "init_scale_area_ratio": 66.66378346607627,
    "scale_recon_to_mm": 1.3347552431118297,
    "icp_fitness": 1.0,
    "icp_inlier_rmse_mm": 0.08226299625527042,
    "sim3_transform": [
      [
        0.8470978224070315,
        0.6997030771468747,
        -0.7579000211894429,
        39.45341428295495
      ],
      [
        -0.7923445575179694,
        1.0693161408509775,
        0.10161029525486233,
        38.2853548768248
      ],
      [
        0.6604445021797263,
        0.38542204628340515,
        1.0939992983515998,
        44.10360190401344
      ],
      [
        0.0,
        0.0,
        0.0,
        1.0
      ]
    ]
  },
  "area": {
    "detected_area_recon_units2": 0.1832057240579002,
    "detected_area_mm2": 0.3263941074302173,
    "gt_area_mm2": 814.1772348222818,
    "area_diff_mm2": -813.8508407148515,
    "area_diff_pct": -99.95991117247321
  },
  "ad_hd": {
    "AD_mm": 5.1590613477761345,
    "HD_mm": 17.69474586193547,
    "HD90_mm": 14.624758574095289,
    "mean_det_to_gt_mm": 0.07582540748469571,
    "mean_gt_to_det_mm": 10.242297288067574,
    "max_det_to_gt_mm": 0.1624716505603064,
    "max_gt_to_det_mm": 17.69474586193547,
    "p90_det_to_gt_mm": 0.12022047314188791,
    "p90_gt_to_det_mm": 14.624758574095289
  },
  "fscore": {
    "T_0.10mm": {
      "precision": 0.75755,
      "recall": 0.00085,
      "f1": 0.0016980946729957805
    },
    "T_0.20mm": {
      "precision": 1.0,
      "recall": 0.0011,
      "f1": 0.0021975826590750172
    },
    "T_0.30mm": {
      "precision": 1.0,
      "recall": 0.00155,
      "f1": 0.003095202436223853
    },
    "T_0.50mm": {
      "precision": 1.0,
      "recall": 0.0025,
      "f1": 0.004987531172069826
    },
    "T_0.70mm": {
      "precision": 1.0,
      "recall": 0.004,
      "f1": 0.00796812749003984
    },
    "T_1.00mm": {
      "precision": 1.0,
      "recall": 0.00665,
      "f1": 0.013212139273829035
    }
  },
  "nc": 0.734919129905724,
  "w2_mm": 10.789601983080278,
  "w2_nc": 0.7634906715629362,
  "w2_subsample": 2000,
  "aux_iou": {
    "pca_2d_iou_pct": 0.07579859231185707,
    "pca_det_area_mm2": 0,
    "pca_gt_area_mm2": 738,
    "voxel_iou_pct": 0.08944543828264759,
    "voxel_size_mm": 0.29908015282695355
  }
}