{"W": 3072, "H": 4096, "fx": 2874.1979365371267, "fy": 2874.3229277130854, "cx": 1528.57473593777, "cy": 2056.702474866047, "n_frames": 87}