{
  "input": {
    "detected": "/home/roman/mini-mesh-eval/runs/v34_test16/lesion_final.ply",
    "gt": "/mnt/c/Users/Roman/Documents/blender/foot_with_veins/gt_export_v12/region_lesion_top_v12.ply",
    "n_points": 20000,
    "seed": 0
  },
  "alignment": {
    "init_scale_area_ratio": 66.65712480781552,
    "scale_recon_to_mm": 67.64790380446426,
    "icp_fitness": 0.99465,
    "icp_inlier_rmse_mm": 0.12791516073039527,
    "sim3_transform": [
      [
        -8.731196503698941,
        67.03093431261478,
        2.618958176408078,
        40.17850071361033
      ],
      [
        -67.0763771010247,
        -8.758227535986398,
        0.540346710046704,
        40.8908947393247
      ],
      [
        0.874489424156253,
        -2.527090173275818,
        67.59502920068331,
        44.03159941451462
      ],
      [
        0.0,
        0.0,
        0.0,
        1.0
      ]
    ]
  },
  "area": {
    "detected_area_recon_units2": 0.18324232825413872,
    "detected_area_mm2": 838.5606686927943,
    "gt_area_mm2": 814.1772348222818,
    "area_diff_mm2": 24.383433870512476,
    "area_diff_pct": 2.994855766979886
  },
  "ad_hd": {
    "AD_mm": 0.1136505148701619,
    "HD_mm": 0.8806411007276024,
    "HD90_mm": 0.18767507118698995,
    "mean_det_to_gt_mm": 0.11628653239230166,
    "mean_gt_to_det_mm": 0.11101449734802213,
    "max_det_to_gt_mm": 0.8806411007276024,
    "max_gt_to_det_mm": 0.4240707931369915,
    "p90_det_to_gt_mm": 0.18767507118698995,
    "p90_gt_to_det_mm": 0.18104901993413433
  },
  "fscore": {
    "T_0.10mm": {
      "precision": 0.46175,
      "recall": 0.4673,
      "f1": 0.46450842258220765
    },
    "T_0.20mm": {
      "precision": 0.9236,
      "recall": 0.9399,
      "f1": 0.9316787121008854
    },
    "T_0.30mm": {
      "precision": 0.98425,
      "recall": 0.9979,
      "f1": 0.9910279998990995
    },
    "T_0.50mm": {
      "precision": 0.99465,
      "recall": 1.0,
      "f1": 0.9973178251823628
    },
    "T_0.70mm": {
      "precision": 0.9989,
      "recall": 1.0,
      "f1": 0.9994496973335335
    },
    "T_1.00mm": {
      "precision": 1.0,
      "recall": 1.0,
      "f1": 1.0
    }
  },
  "nc": 0.9837343594427689,
  "w2_mm": 1.0628174596260298,
  "w2_nc": 0.9711231203177202,
  "w2_subsample": 2000,
  "aux_iou": {
    "pca_2d_iou_pct": 98.7524763077582,
    "pca_det_area_mm2": 744,
    "pca_gt_area_mm2": 740,
    "voxel_iou_pct": 59.63790308052603,
    "voxel_size_mm": 0.3025465461774897
  }
}