{
  "input": {
    "detected": "/home/roman/mini-mesh-eval/runs/v34_test14/lesion_binary_v34n.ply",
    "gt": "/mnt/c/Users/Roman/Documents/blender/foot_with_veins/gt_export_v12/region_lesion_top_v12.ply",
    "n_points": 20000,
    "seed": 0
  },
  "alignment": {
    "init_scale_area_ratio": 2067.9585227441066,
    "scale_recon_to_mm": 369.038257464965,
    "icp_fitness": 1.0,
    "icp_inlier_rmse_mm": 0.1927505697194095,
    "sim3_transform": [
      [
        160.6473640286805,
        -282.22033914233293,
        175.30926979997966,
        61.785901165631785
      ],
      [
        315.2880744721891,
        190.9029497730277,
        18.404600956127776,
        60.66596952578028
      ],
      [
        -104.76206373985258,
        141.76381560582763,
        324.21777566725166,
        9.453618781929736
      ],
      [
        0.0,
        0.0,
        0.0,
        1.0
      ]
    ]
  },
  "area": {
    "detected_area_recon_units2": 0.00019038613056050532,
    "detected_area_mm2": 25.92854156565577,
    "gt_area_mm2": 814.1772348222818,
    "area_diff_mm2": -788.248693256626,
    "area_diff_pct": -96.8153688832487
  },
  "ad_hd": {
    "AD_mm": 3.684544819643119,
    "HD_mm": 17.34400948843177,
    "HD90_mm": 13.305953627146524,
    "mean_det_to_gt_mm": 0.1701980579451836,
    "mean_gt_to_det_mm": 7.198891581341054,
    "max_det_to_gt_mm": 0.6355670417565118,
    "max_gt_to_det_mm": 17.34400948843177,
    "p90_det_to_gt_mm": 0.27845647413447344,
    "p90_gt_to_det_mm": 13.305953627146524
  },
  "fscore": {
    "T_0.10mm": {
      "precision": 0.20255,
      "recall": 0.01765,
      "f1": 0.03247054950045413
    },
    "T_0.20mm": {
      "precision": 0.7171,
      "recall": 0.03015,
      "f1": 0.057867019069923045
    },
    "T_0.30mm": {
      "precision": 0.9233,
      "recall": 0.03845,
      "f1": 0.07382559916818299
    },
    "T_0.50mm": {
      "precision": 0.99035,
      "recall": 0.05015,
      "f1": 0.0954657424315233
    },
    "T_0.70mm": {
      "precision": 1.0,
      "recall": 0.06195,
      "f1": 0.11667215970620086
    },
    "T_1.00mm": {
      "precision": 1.0,
      "recall": 0.0779,
      "f1": 0.14454030986176825
    }
  },
  "nc": 0.8783172485988187,
  "w2_mm": 9.076630273249862,
  "w2_nc": 0.8683084131705616,
  "w2_subsample": 2000,
  "aux_iou": {
    "pca_2d_iou_pct": 4.008244291370613,
    "pca_det_area_mm2": 29,
    "pca_gt_area_mm2": 737,
    "voxel_iou_pct": 2.9073551746582775,
    "voxel_size_mm": 0.29908015282695355
  }
}