{
  "input": {
    "detected": "/home/roman/mini-mesh-eval/runs/v34_test8/lesion_clustered.ply",
    "gt": "/mnt/c/Users/Roman/Documents/blender/foot_with_veins/gt_export_v12/region_lesion_top_v12.ply",
    "n_points": 20000,
    "seed": 0
  },
  "alignment": {
    "init_scale_area_ratio": 126.34107189045531,
    "scale_recon_to_mm": 127.14051228436223,
    "icp_fitness": 1.0,
    "icp_inlier_rmse_mm": 0.16867345044285934,
    "sim3_transform": [
      [
        83.44883912706179,
        95.92140196897451,
        0.2928422481134828,
        40.11436592678606
      ],
      [
        -95.12744759630198,
        82.80720166957497,
        -16.07625358711974,
        43.38092291392823
      ],
      [
        -12.31948968460197,
        10.332563084280832,
        126.11969781897754,
        32.26018895347219
      ],
      [
        0.0,
        0.0,
        0.0,
        1.0
      ]
    ]
  },
  "area": {
    "detected_area_recon_units2": 0.051007006990903596,
    "detected_area_mm2": 824.5134690354106,
    "gt_area_mm2": 814.1772348222818,
    "area_diff_mm2": 10.336234213128819,
    "area_diff_pct": 1.269531223798588
  },
  "ad_hd": {
    "AD_mm": 0.14823635587649708,
    "HD_mm": 0.7011155461850564,
    "HD90_mm": 0.24547871700052443,
    "mean_det_to_gt_mm": 0.1497822520836758,
    "mean_gt_to_det_mm": 0.1466904596693184,
    "max_det_to_gt_mm": 0.7011155461850564,
    "max_gt_to_det_mm": 0.5349604515096149,
    "p90_det_to_gt_mm": 0.24547871700052443,
    "p90_gt_to_det_mm": 0.23707332821997912
  },
  "fscore": {
    "T_0.10mm": {
      "precision": 0.26545,
      "recall": 0.2636,
      "f1": 0.2645217654285984
    },
    "T_0.20mm": {
      "precision": 0.79815,
      "recall": 0.8065,
      "f1": 0.8023032748574456
    },
    "T_0.30mm": {
      "precision": 0.95185,
      "recall": 0.96405,
      "f1": 0.9579111566365676
    },
    "T_0.50mm": {
      "precision": 0.9976,
      "recall": 0.99975,
      "f1": 0.9986738428417654
    },
    "T_0.70mm": {
      "precision": 0.99995,
      "recall": 1.0,
      "f1": 0.9999749993749844
    },
    "T_1.00mm": {
      "precision": 1.0,
      "recall": 1.0,
      "f1": 1.0
    }
  },
  "nc": 0.9918167993696028,
  "w2_mm": 0.9469133411614331,
  "w2_nc": 0.9856111664136632,
  "w2_subsample": 2000,
  "aux_iou": {
    "pca_2d_iou_pct": 98.78376923904855,
    "pca_det_area_mm2": 736,
    "pca_gt_area_mm2": 740,
    "voxel_iou_pct": 45.341260791659884,
    "voxel_size_mm": 0.3000431149994592
  }
}