{"W": 3072, "H": 4096, "fx": 2864.941474746766, "fy": 2864.888245233653, "cx": 1527.612725417536, "cy": 2057.6420493877367, "n_frames": 101}