{
  "input": {
    "detected": "/home/roman/mini-mesh-eval/runs/v34_test13/lesion_binary_v34n.ply",
    "gt": "/mnt/c/Users/Roman/Documents/blender/foot_with_veins/gt_export_v12/region_lesion_top_v12.ply",
    "n_points": 20000,
    "seed": 0
  },
  "alignment": {
    "init_scale_area_ratio": 110.10351021038724,
    "scale_recon_to_mm": 84.38064794139422,
    "icp_fitness": 1.0,
    "icp_inlier_rmse_mm": 0.41146392112751407,
    "sim3_transform": [
      [
        55.18136572593582,
        63.364807061292176,
        7.746731550481394,
        37.18049856341778
      ],
      [
        -63.45577259236753,
        55.56361224179159,
        -2.4786420393298947,
        45.373205830249944
      ],
      [
        -6.962438390096066,
        -4.20475537201185,
        83.98772666845524,
        35.473823146866984
      ],
      [
        0.0,
        0.0,
        0.0,
        1.0
      ]
    ]
  },
  "area": {
    "detected_area_recon_units2": 0.06716091820377725,
    "detected_area_mm2": 478.1920337461357,
    "gt_area_mm2": 814.1772348222818,
    "area_diff_mm2": -335.9852010761461,
    "area_diff_pct": -41.266838067449136
  },
  "ad_hd": {
    "AD_mm": 0.780979665978595,
    "HD_mm": 5.89152725726836,
    "HD90_mm": 3.791233559584454,
    "mean_det_to_gt_mm": 0.3059091692203146,
    "mean_gt_to_det_mm": 1.2560501627368754,
    "max_det_to_gt_mm": 2.264947663861353,
    "max_gt_to_det_mm": 5.89152725726836,
    "p90_det_to_gt_mm": 0.6706941680560394,
    "p90_gt_to_det_mm": 3.791233559584454
  },
  "fscore": {
    "T_0.10mm": {
      "precision": 0.11255,
      "recall": 0.09275,
      "f1": 0.10169520214320507
    },
    "T_0.20mm": {
      "precision": 0.44025,
      "recall": 0.2906,
      "f1": 0.35010371485256897
    },
    "T_0.30mm": {
      "precision": 0.6799,
      "recall": 0.41465,
      "f1": 0.5151350509341739
    },
    "T_0.50mm": {
      "precision": 0.8624,
      "recall": 0.52635,
      "f1": 0.6537162772277229
    },
    "T_0.70mm": {
      "precision": 0.90775,
      "recall": 0.571,
      "f1": 0.7010316145393068
    },
    "T_1.00mm": {
      "precision": 0.9641,
      "recall": 0.6295,
      "f1": 0.7616728790160642
    }
  },
  "nc": 0.9319611931188264,
  "w2_mm": 3.631169660526859,
  "w2_nc": 0.9812404062573608,
  "w2_subsample": 2000,
  "aux_iou": {
    "pca_2d_iou_pct": 58.2665656128194,
    "pca_det_area_mm2": 430,
    "pca_gt_area_mm2": 738,
    "voxel_iou_pct": 18.136491118728575,
    "voxel_size_mm": 0.29908015282695355
  }
}