{
  "input": {
    "detected": "/home/roman/mini-mesh-eval/runs/v34_test11/lesion_clustered.ply",
    "gt": "/mnt/c/Users/Roman/Documents/blender/foot_with_veins/gt_export_v12/region_lesion_top_v12.ply",
    "n_points": 20000,
    "seed": 0
  },
  "alignment": {
    "init_scale_area_ratio": 69.04693264036521,
    "scale_recon_to_mm": 69.9422617660632,
    "icp_fitness": 1.0,
    "icp_inlier_rmse_mm": 0.13668277675837448,
    "sim3_transform": [
      [
        38.12062058021772,
        58.63989616143137,
        -0.31756213271849815,
        39.747468420796025
      ],
      [
        -58.61014249727981,
        38.08792369123041,
        -2.466018307332422,
        39.442428313449426
      ],
      [
        -1.8945880766506173,
        1.6101639730320645,
        69.89805354194232,
        43.364636131071606
      ],
      [
        0.0,
        0.0,
        0.0,
        1.0
      ]
    ]
  },
  "area": {
    "detected_area_recon_units2": 0.17077731243225316,
    "detected_area_mm2": 835.428946980711,
    "gt_area_mm2": 814.1772348222818,
    "area_diff_mm2": 21.2517121584292,
    "area_diff_pct": 2.6102071206974995
  },
  "ad_hd": {
    "AD_mm": 0.11770406639256853,
    "HD_mm": 0.7768565487496398,
    "HD90_mm": 0.19006908576742623,
    "mean_det_to_gt_mm": 0.11988499082080359,
    "mean_gt_to_det_mm": 0.11552314196433348,
    "max_det_to_gt_mm": 0.7768565487496398,
    "max_gt_to_det_mm": 0.41282368534789193,
    "p90_det_to_gt_mm": 0.19006908576742623,
    "p90_gt_to_det_mm": 0.18412858973964336
  },
  "fscore": {
    "T_0.10mm": {
      "precision": 0.4161,
      "recall": 0.42045,
      "f1": 0.41826369015599785
    },
    "T_0.20mm": {
      "precision": 0.92165,
      "recall": 0.9355,
      "f1": 0.9285233556794013
    },
    "T_0.30mm": {
      "precision": 0.9864,
      "recall": 0.9983,
      "f1": 0.9923143245830605
    },
    "T_0.50mm": {
      "precision": 0.9954,
      "recall": 1.0,
      "f1": 0.9976946978049513
    },
    "T_0.70mm": {
      "precision": 0.9994,
      "recall": 1.0,
      "f1": 0.9996999099729919
    },
    "T_1.00mm": {
      "precision": 1.0,
      "recall": 1.0,
      "f1": 1.0
    }
  },
  "nc": 0.9804228920190674,
  "w2_mm": 1.0575866489876096,
  "w2_nc": 0.9692813625312036,
  "w2_subsample": 2000,
  "aux_iou": {
    "pca_2d_iou_pct": 99.10316309542989,
    "pca_det_area_mm2": 742,
    "pca_gt_area_mm2": 740,
    "voxel_iou_pct": 58.46936044955847,
    "voxel_size_mm": 0.30311055339479165
  }
}