{
  "input": {
    "detected": "/home/roman/mini-mesh-eval/runs/v34_test8/lesion_above_threshold.ply",
    "gt": "/mnt/c/Users/Roman/Documents/blender/foot_with_veins/gt_export_v12/region_lesion_top_v12.ply",
    "n_points": 20000,
    "seed": 0
  },
  "alignment": {
    "init_scale_area_ratio": 126.34107189045531,
    "scale_recon_to_mm": 127.14051228436267,
    "icp_fitness": 1.0,
    "icp_inlier_rmse_mm": 0.16867345044285967,
    "sim3_transform": [
      [
        83.44883912706233,
        95.92140196897424,
        0.2928422481136953,
        40.1143659267863
      ],
      [
        -95.12744759630247,
        82.80720166957475,
        -16.076253587119677,
        43.38092291392829
      ],
      [
        -12.31948968460204,
        10.332563084280071,
        126.11969781897852,
        32.26018895347168
      ],
      [
        0.0,
        0.0,
        0.0,
        1.0
      ]
    ]
  },
  "area": {
    "detected_area_recon_units2": 0.051007006990903596,
    "detected_area_mm2": 824.5134690354147,
    "gt_area_mm2": 814.1772348222818,
    "area_diff_mm2": 10.336234213132911,
    "area_diff_pct": 1.2695312237990908
  },
  "ad_hd": {
    "AD_mm": 0.1482363558764968,
    "HD_mm": 0.7011155461855461,
    "HD90_mm": 0.24547871700057763,
    "mean_det_to_gt_mm": 0.14978225208367932,
    "mean_gt_to_det_mm": 0.14669045966931427,
    "max_det_to_gt_mm": 0.7011155461855461,
    "max_gt_to_det_mm": 0.5349604515098872,
    "p90_det_to_gt_mm": 0.24547871700057763,
    "p90_gt_to_det_mm": 0.2370733282197197
  },
  "fscore": {
    "T_0.10mm": {
      "precision": 0.26545,
      "recall": 0.2636,
      "f1": 0.2645217654285984
    },
    "T_0.20mm": {
      "precision": 0.79815,
      "recall": 0.8065,
      "f1": 0.8023032748574456
    },
    "T_0.30mm": {
      "precision": 0.95185,
      "recall": 0.96405,
      "f1": 0.9579111566365676
    },
    "T_0.50mm": {
      "precision": 0.9976,
      "recall": 0.99975,
      "f1": 0.9986738428417654
    },
    "T_0.70mm": {
      "precision": 0.99995,
      "recall": 1.0,
      "f1": 0.9999749993749844
    },
    "T_1.00mm": {
      "precision": 1.0,
      "recall": 1.0,
      "f1": 1.0
    }
  },
  "nc": 0.9918167993696027,
  "w2_mm": 0.9469133411614126,
  "w2_nc": 0.9856111664136629,
  "w2_subsample": 2000,
  "aux_iou": {
    "pca_2d_iou_pct": 98.77845342517354,
    "pca_det_area_mm2": 736,
    "pca_gt_area_mm2": 740,
    "voxel_iou_pct": 45.341260791659884,
    "voxel_size_mm": 0.3000431149994602
  }
}