{
  "input": {
    "detected": "/home/roman/mini-mesh-eval/runs/v34_test12/lesion_above_threshold.ply",
    "gt": "/mnt/c/Users/Roman/Documents/blender/foot_with_veins/gt_export_v12/region_lesion_top_v12.ply",
    "n_points": 20000,
    "seed": 0
  },
  "alignment": {
    "init_scale_area_ratio": 116.4904513268754,
    "scale_recon_to_mm": 117.80860570330687,
    "icp_fitness": 1.0,
    "icp_inlier_rmse_mm": 0.1380663990091325,
    "sim3_transform": [
      [
        64.58156352345074,
        98.4893068392217,
        2.8188062993750553,
        39.03089406660133
      ],
      [
        -97.96789209980851,
        64.54646514005961,
        -10.719773001354739,
        43.6019147952356
      ],
      [
        -10.506252811730546,
        3.532400601571995,
        117.28601099706313,
        35.40104861823732
      ],
      [
        0.0,
        0.0,
        0.0,
        1.0
      ]
    ]
  },
  "area": {
    "detected_area_recon_units2": 0.05999821074776076,
    "detected_area_mm2": 832.7072218705462,
    "gt_area_mm2": 814.1772348222818,
    "area_diff_mm2": 18.52998704826439,
    "area_diff_pct": 2.2759156429016474
  },
  "ad_hd": {
    "AD_mm": 0.11846638560902617,
    "HD_mm": 0.8516438934885114,
    "HD90_mm": 0.19419626182737465,
    "mean_det_to_gt_mm": 0.12041204085458676,
    "mean_gt_to_det_mm": 0.1165207303634656,
    "max_det_to_gt_mm": 0.8516438934885114,
    "max_gt_to_det_mm": 0.44528465590714716,
    "p90_det_to_gt_mm": 0.19419626182737465,
    "p90_gt_to_det_mm": 0.18920815826146875
  },
  "fscore": {
    "T_0.10mm": {
      "precision": 0.42255,
      "recall": 0.42645,
      "f1": 0.42449104240282687
    },
    "T_0.20mm": {
      "precision": 0.91185,
      "recall": 0.9243,
      "f1": 0.918032791438608
    },
    "T_0.30mm": {
      "precision": 0.9857,
      "recall": 0.99635,
      "f1": 0.9909963875785172
    },
    "T_0.50mm": {
      "precision": 0.9958,
      "recall": 1.0,
      "f1": 0.997895580719511
    },
    "T_0.70mm": {
      "precision": 0.9991,
      "recall": 1.0,
      "f1": 0.999549797408834
    },
    "T_1.00mm": {
      "precision": 1.0,
      "recall": 1.0,
      "f1": 1.0
    }
  },
  "nc": 0.9905386234277158,
  "w2_mm": 1.005292438456067,
  "w2_nc": 0.9806859467478146,
  "w2_subsample": 2000,
  "aux_iou": {
    "pca_2d_iou_pct": 98.70317775038852,
    "pca_det_area_mm2": 742,
    "pca_gt_area_mm2": 740,
    "voxel_iou_pct": 57.27321048901488,
    "voxel_size_mm": 0.3021283348471662
  }
}