{
  "input": {
    "detected": "/home/roman/mini-mesh-eval/runs/v34_test10/lesion_binary_v34n.ply",
    "gt": "/mnt/c/Users/Roman/Documents/blender/foot_with_veins/gt_export_v12/region_lesion_top_v12.ply",
    "n_points": 20000,
    "seed": 0
  },
  "alignment": {
    "init_scale_area_ratio": 85.06472711238261,
    "scale_recon_to_mm": 1.670045106711574,
    "icp_fitness": 1.0,
    "icp_inlier_rmse_mm": 0.08453643966309828,
    "sim3_transform": [
      [
        0.79207732436333,
        -0.3021236379936691,
        -1.4388834136392565,
        38.928339243588184
      ],
      [
        -1.046130304034205,
        1.0326172361893424,
        -0.7926939440649449,
        39.217255760099704
      ],
      [
        1.0330902950187992,
        1.277291513062456,
        0.30050206562999915,
        44.574492469898566
      ],
      [
        0.0,
        0.0,
        0.0,
        1.0
      ]
    ]
  },
  "area": {
    "detected_area_recon_units2": 0.11251746231783923,
    "detected_area_mm2": 0.31381690236483367,
    "gt_area_mm2": 814.1772348222818,
    "area_diff_mm2": -813.863417919917,
    "area_diff_pct": -99.96145594731185
  },
  "ad_hd": {
    "AD_mm": 5.139075271332434,
    "HD_mm": 16.68741107578064,
    "HD90_mm": 14.566269850258443,
    "mean_det_to_gt_mm": 0.07843138364712363,
    "mean_gt_to_det_mm": 10.199719159017745,
    "max_det_to_gt_mm": 0.17523404457796696,
    "max_gt_to_det_mm": 16.68741107578064,
    "p90_det_to_gt_mm": 0.12087338677874887,
    "p90_gt_to_det_mm": 14.566269850258443
  },
  "fscore": {
    "T_0.10mm": {
      "precision": 0.75205,
      "recall": 0.0007,
      "f1": 0.0013986981069412155
    },
    "T_0.20mm": {
      "precision": 1.0,
      "recall": 0.00115,
      "f1": 0.0022973580382560058
    },
    "T_0.30mm": {
      "precision": 1.0,
      "recall": 0.00145,
      "f1": 0.0028958010884217885
    },
    "T_0.50mm": {
      "precision": 1.0,
      "recall": 0.0023,
      "f1": 0.004589444278160232
    },
    "T_0.70mm": {
      "precision": 1.0,
      "recall": 0.00315,
      "f1": 0.006280217315456312
    },
    "T_1.00mm": {
      "precision": 1.0,
      "recall": 0.00635,
      "f1": 0.012619863864460673
    }
  },
  "nc": 0.8120598331838875,
  "w2_mm": 10.76397566575189,
  "w2_nc": 0.8058966032053984,
  "w2_subsample": 2000,
  "aux_iou": {
    "pca_2d_iou_pct": 0.07591779187679627,
    "pca_det_area_mm2": 0,
    "pca_gt_area_mm2": 737,
    "voxel_iou_pct": 0.11178180192264699,
    "voxel_size_mm": 0.29908015282695355
  }
}