{"W": 3072, "H": 4096, "fx": 2861.8668158806677, "fy": 2859.706284394293, "cx": 1525.729107156428, "cy": 2053.4191160124524, "n_frames": 82}