{
  "input": {
    "detected": "/home/roman/mini-mesh-eval/runs/v34_test4/lesion_final.ply",
    "gt": "/mnt/c/Users/Roman/Documents/blender/foot_with_veins/gt_export_v12/region_lesion_top_v12.ply",
    "n_points": 20000,
    "seed": 0
  },
  "alignment": {
    "init_scale_area_ratio": 159.2540383975914,
    "scale_recon_to_mm": 160.58068824474734,
    "icp_fitness": 1.0,
    "icp_inlier_rmse_mm": 0.17979144205400738,
    "sim3_transform": [
      [
        128.77350163942396,
        95.91884602447259,
        1.7656981655055541,
        64.70914735487453
      ],
      [
        -95.64590367066961,
        128.5928826585188,
        -10.094011974950185,
        55.48740863130936
      ],
      [
        -7.443374483361928,
        7.042935755956901,
        160.25339518835224,
        41.63015094544619
      ],
      [
        0.0,
        0.0,
        0.0,
        1.0
      ]
    ]
  },
  "area": {
    "detected_area_recon_units2": 0.03210244028257479,
    "detected_area_mm2": 827.7985792433974,
    "gt_area_mm2": 814.1772348222818,
    "area_diff_mm2": 13.621344421115623,
    "area_diff_pct": 1.673019563619816
  },
  "ad_hd": {
    "AD_mm": 0.16248305020524292,
    "HD_mm": 0.6518066902013975,
    "HD90_mm": 0.2576385127825992,
    "mean_det_to_gt_mm": 0.1638370986408,
    "mean_gt_to_det_mm": 0.16112900176968584,
    "max_det_to_gt_mm": 0.6518066902013975,
    "max_gt_to_det_mm": 0.48746022419108914,
    "p90_det_to_gt_mm": 0.2576385127825992,
    "p90_gt_to_det_mm": 0.251599319683675
  },
  "fscore": {
    "T_0.10mm": {
      "precision": 0.1958,
      "recall": 0.1975,
      "f1": 0.19664632595982712
    },
    "T_0.20mm": {
      "precision": 0.7217,
      "recall": 0.7304,
      "f1": 0.7260239377453344
    },
    "T_0.30mm": {
      "precision": 0.9584,
      "recall": 0.9677,
      "f1": 0.9630275478947096
    },
    "T_0.50mm": {
      "precision": 0.9985,
      "recall": 1.0,
      "f1": 0.9992494370778084
    },
    "T_0.70mm": {
      "precision": 1.0,
      "recall": 1.0,
      "f1": 1.0
    },
    "T_1.00mm": {
      "precision": 1.0,
      "recall": 1.0,
      "f1": 1.0
    }
  },
  "nc": 0.989965204539181,
  "w2_mm": 1.0443403299465512,
  "w2_nc": 0.9769772134236474,
  "w2_subsample": 2000,
  "aux_iou": {
    "pca_2d_iou_pct": 98.63597153331895,
    "pca_det_area_mm2": 733,
    "pca_gt_area_mm2": 740,
    "voxel_iou_pct": 40.64728469555677,
    "voxel_size_mm": 0.29908015282695355
  }
}