{
  "input": {
    "detected": "/home/roman/mini-mesh-eval/runs/v34_test10/lesion_final.ply",
    "gt": "/mnt/c/Users/Roman/Documents/blender/foot_with_veins/gt_export_v12/region_lesion_top_v12.ply",
    "n_points": 20000,
    "seed": 0
  },
  "alignment": {
    "init_scale_area_ratio": 83.70924658566936,
    "scale_recon_to_mm": 33.260080556952296,
    "icp_fitness": 0.8352,
    "icp_inlier_rmse_mm": 0.4792647898695417,
    "sim3_transform": [
      [
        13.449565112801348,
        -11.441557103533272,
        -28.18568657985946,
        36.7236605006219
      ],
      [
        -12.773440745803576,
        25.844898192037288,
        -16.586542967466904,
        40.52003294923248
      ],
      [
        27.607632430994776,
        17.531827262004693,
        6.0569483294200515,
        41.20883105480288
      ],
      [
        0.0,
        0.0,
        0.0,
        1.0
      ]
    ]
  },
  "area": {
    "detected_area_recon_units2": 0.11619089276146738,
    "detected_area_mm2": 128.5341950682793,
    "gt_area_mm2": 814.1772348222818,
    "area_diff_mm2": -685.6430397540025,
    "area_diff_pct": -84.21299570033598
  },
  "ad_hd": {
    "AD_mm": 2.8198584621959513,
    "HD_mm": 12.074251402935655,
    "HD90_mm": 9.642808735092691,
    "mean_det_to_gt_mm": 0.5569107377861482,
    "mean_gt_to_det_mm": 5.082806186605755,
    "max_det_to_gt_mm": 1.64684025997346,
    "max_gt_to_det_mm": 12.074251402935655,
    "p90_det_to_gt_mm": 1.204386306401209,
    "p90_gt_to_det_mm": 9.642808735092691
  },
  "fscore": {
    "T_0.10mm": {
      "precision": 0.0379,
      "recall": 0.0131,
      "f1": 0.01947019607843137
    },
    "T_0.20mm": {
      "precision": 0.17695,
      "recall": 0.03675,
      "f1": 0.06086020121665886
    },
    "T_0.30mm": {
      "precision": 0.3253,
      "recall": 0.0576,
      "f1": 0.09787035779576914
    },
    "T_0.50mm": {
      "precision": 0.5504,
      "recall": 0.09635,
      "f1": 0.16399239273289523
    },
    "T_0.70mm": {
      "precision": 0.711,
      "recall": 0.1242,
      "f1": 0.21146120689655173
    },
    "T_1.00mm": {
      "precision": 0.8352,
      "recall": 0.15665,
      "f1": 0.26381827897363513
    }
  },
  "nc": 0.8336255203465744,
  "w2_mm": 7.141048029613128,
  "w2_nc": 0.8511278095087973,
  "w2_subsample": 2000,
  "aux_iou": {
    "pca_2d_iou_pct": 16.237254686986077,
    "pca_det_area_mm2": 118,
    "pca_gt_area_mm2": 729,
    "voxel_iou_pct": 3.259021348951445,
    "voxel_size_mm": 0.29908015282695355
  }
}