{"W": 3072, "H": 4096, "fx": 2935.91912006929, "fy": 2934.2046291579504, "cx": 1531.4946221286289, "cy": 2052.3348194623527, "n_frames": 62}