{
  "input": {
    "detected": "/home/roman/mini-mesh-eval/runs/v34_test10/lesion_above_threshold.ply",
    "gt": "/mnt/c/Users/Roman/Documents/blender/foot_with_veins/gt_export_v12/region_lesion_top_v12.ply",
    "n_points": 20000,
    "seed": 0
  },
  "alignment": {
    "init_scale_area_ratio": 83.70924658566936,
    "scale_recon_to_mm": 84.7287848238697,
    "icp_fitness": 1.0,
    "icp_inlier_rmse_mm": 0.14780207862613415,
    "sim3_transform": [
      [
        -76.2629053624174,
        36.60620187468843,
        4.787716336850454,
        44.33062290818779
      ],
      [
        -36.82966957747726,
        -76.19752775880472,
        -4.059455627261061,
        46.07813713518298
      ],
      [
        2.5517998013894143,
        -5.734956450180985,
        84.49595002139274,
        43.532861737503445
      ],
      [
        0.0,
        0.0,
        0.0,
        1.0
      ]
    ]
  },
  "area": {
    "detected_area_recon_units2": 0.11619089276146738,
    "detected_area_mm2": 834.130582247502,
    "gt_area_mm2": 814.1772348222818,
    "area_diff_mm2": 19.953347425220272,
    "area_diff_pct": 2.450737575532394
  },
  "ad_hd": {
    "AD_mm": 0.1324622303964398,
    "HD_mm": 0.6733712527767892,
    "HD90_mm": 0.21088376030881004,
    "mean_det_to_gt_mm": 0.13413890147645474,
    "mean_gt_to_det_mm": 0.13078555931642488,
    "max_det_to_gt_mm": 0.6733712527767892,
    "max_gt_to_det_mm": 0.3992704314385571,
    "p90_det_to_gt_mm": 0.21088376030881004,
    "p90_gt_to_det_mm": 0.20480770110076008
  },
  "fscore": {
    "T_0.10mm": {
      "precision": 0.30955,
      "recall": 0.31085,
      "f1": 0.3101986379754996
    },
    "T_0.20mm": {
      "precision": 0.871,
      "recall": 0.8849,
      "f1": 0.8778949826299903
    },
    "T_0.30mm": {
      "precision": 0.9871,
      "recall": 0.9979,
      "f1": 0.9924706196473552
    },
    "T_0.50mm": {
      "precision": 0.99895,
      "recall": 1.0,
      "f1": 0.9994747242302209
    },
    "T_0.70mm": {
      "precision": 1.0,
      "recall": 1.0,
      "f1": 1.0
    },
    "T_1.00mm": {
      "precision": 1.0,
      "recall": 1.0,
      "f1": 1.0
    }
  },
  "nc": 0.9866165575146724,
  "w2_mm": 1.009128868735147,
  "w2_nc": 0.9781538948469062,
  "w2_subsample": 2000,
  "aux_iou": {
    "pca_2d_iou_pct": 98.69221735881285,
    "pca_det_area_mm2": 748,
    "pca_gt_area_mm2": 740,
    "voxel_iou_pct": 51.73296909680724,
    "voxel_size_mm": 0.3020500189933688
  }
}