{
  "input": {
    "detected": "/home/roman/mini-mesh-eval/runs/v34_test14/lesion_binary_v34n.ply",
    "gt": "/mnt/c/Users/Roman/Documents/blender/foot_with_veins/gt_export_v12/region_lesion_top_v12.ply",
    "n_points": 20000,
    "seed": 0
  },
  "alignment": {
    "init_scale_area_ratio": 2067.9585227441066,
    "scale_recon_to_mm": 369.0382574649625,
    "icp_fitness": 1.0,
    "icp_inlier_rmse_mm": 0.19275056971940693,
    "sim3_transform": [
      [
        160.64736402867717,
        -282.2203391423302,
        175.30926979998108,
        61.78590116563114
      ],
      [
        315.2880744721881,
        190.90294977302344,
        18.40460095612867,
        60.665969525780156
      ],
      [
        -104.76206373984958,
        141.7638156058296,
        324.2177756672499,
        9.453618781929839
      ],
      [
        0.0,
        0.0,
        0.0,
        1.0
      ]
    ]
  },
  "area": {
    "detected_area_recon_units2": 0.00019038613056050532,
    "detected_area_mm2": 25.92854156565552,
    "gt_area_mm2": 814.1772348222818,
    "area_diff_mm2": -788.2486932566262,
    "area_diff_pct": -96.81536888324871
  },
  "ad_hd": {
    "AD_mm": 3.6845448196431017,
    "HD_mm": 17.34400948843169,
    "HD90_mm": 13.305953627146444,
    "mean_det_to_gt_mm": 0.17019805794518006,
    "mean_gt_to_det_mm": 7.198891581341023,
    "max_det_to_gt_mm": 0.635567041756468,
    "max_gt_to_det_mm": 17.34400948843169,
    "p90_det_to_gt_mm": 0.27845647413447355,
    "p90_gt_to_det_mm": 13.305953627146444
  },
  "fscore": {
    "T_0.10mm": {
      "precision": 0.20255,
      "recall": 0.01765,
      "f1": 0.03247054950045413
    },
    "T_0.20mm": {
      "precision": 0.7171,
      "recall": 0.03015,
      "f1": 0.057867019069923045
    },
    "T_0.30mm": {
      "precision": 0.9233,
      "recall": 0.03845,
      "f1": 0.07382559916818299
    },
    "T_0.50mm": {
      "precision": 0.99035,
      "recall": 0.05015,
      "f1": 0.0954657424315233
    },
    "T_0.70mm": {
      "precision": 1.0,
      "recall": 0.06195,
      "f1": 0.11667215970620086
    },
    "T_1.00mm": {
      "precision": 1.0,
      "recall": 0.0779,
      "f1": 0.14454030986176825
    }
  },
  "nc": 0.8783172485988182,
  "w2_mm": 9.076630273249798,
  "w2_nc": 0.8683084131705604,
  "w2_subsample": 2000,
  "aux_iou": {
    "pca_2d_iou_pct": 4.007809534139596,
    "pca_det_area_mm2": 29,
    "pca_gt_area_mm2": 737,
    "voxel_iou_pct": 2.9073551746582775,
    "voxel_size_mm": 0.29908015282695355
  }
}