{
  "input": {
    "detected": "/home/roman/mini-mesh-eval/runs/v34_test15/lesion_clustered.ply",
    "gt": "/mnt/c/Users/Roman/Documents/blender/foot_with_veins/gt_export_v12/region_lesion_top_v12.ply",
    "n_points": 20000,
    "seed": 0
  },
  "alignment": {
    "init_scale_area_ratio": 64.48293852313725,
    "scale_recon_to_mm": 65.07785385827594,
    "icp_fitness": 1.0,
    "icp_inlier_rmse_mm": 0.13278905501556612,
    "sim3_transform": [
      [
        64.28472337449965,
        -9.396189917970041,
        3.783255012373535,
        39.92710287561316
      ],
      [
        9.354727729308141,
        64.39457219731064,
        0.9773450951415843,
        40.26733326963119
      ],
      [
        -3.884645746230522,
        -0.42160330872309626,
        64.9604405840619,
        42.385479095702195
      ],
      [
        0.0,
        0.0,
        0.0,
        1.0
      ]
    ]
  },
  "area": {
    "detected_area_recon_units2": 0.19580749630854993,
    "detected_area_mm2": 829.2696267152884,
    "gt_area_mm2": 814.1772348222818,
    "area_diff_mm2": 15.092391893006607,
    "area_diff_pct": 1.8536985864387336
  },
  "ad_hd": {
    "AD_mm": 0.11506013002789225,
    "HD_mm": 0.7876119470647492,
    "HD90_mm": 0.18550074530205768,
    "mean_det_to_gt_mm": 0.11669308233087265,
    "mean_gt_to_det_mm": 0.11342717772491184,
    "max_det_to_gt_mm": 0.7876119470647492,
    "max_gt_to_det_mm": 0.430502975448069,
    "p90_det_to_gt_mm": 0.18550074530205768,
    "p90_gt_to_det_mm": 0.18314138842820998
  },
  "fscore": {
    "T_0.10mm": {
      "precision": 0.444,
      "recall": 0.4441,
      "f1": 0.44404999437000336
    },
    "T_0.20mm": {
      "precision": 0.92965,
      "recall": 0.9369,
      "f1": 0.933260919878921
    },
    "T_0.30mm": {
      "precision": 0.9877,
      "recall": 0.9983,
      "f1": 0.9929717119838872
    },
    "T_0.50mm": {
      "precision": 0.99635,
      "recall": 1.0,
      "f1": 0.998171663285496
    },
    "T_0.70mm": {
      "precision": 0.99935,
      "recall": 1.0,
      "f1": 0.9996748943406607
    },
    "T_1.00mm": {
      "precision": 1.0,
      "recall": 1.0,
      "f1": 1.0
    }
  },
  "nc": 0.9876027178699183,
  "w2_mm": 0.8789692235969573,
  "w2_nc": 0.980007282066769,
  "w2_subsample": 2000,
  "aux_iou": {
    "pca_2d_iou_pct": 99.16192113462985,
    "pca_det_area_mm2": 742,
    "pca_gt_area_mm2": 740,
    "voxel_iou_pct": 58.558639212175464,
    "voxel_size_mm": 0.30294025353640636
  }
}