{
  "input": {
    "detected": "/home/roman/mini-mesh-eval/runs/v34_test16/lesion_final.ply",
    "gt": "/mnt/c/Users/Roman/Documents/blender/foot_with_veins/gt_export_v12/region_lesion_top_v12.ply",
    "n_points": 20000,
    "seed": 0
  },
  "alignment": {
    "init_scale_area_ratio": 66.65712480781552,
    "scale_recon_to_mm": 67.6479038044642,
    "icp_fitness": 0.99465,
    "icp_inlier_rmse_mm": 0.12791516073039458,
    "sim3_transform": [
      [
        -8.731196503698916,
        67.03093431261487,
        2.618958176407951,
        40.17850071361029
      ],
      [
        -67.07637710102472,
        -8.758227535986444,
        0.5403467100465984,
        40.890894739324764
      ],
      [
        0.8744894241561764,
        -2.527090173275764,
        67.59502920068306,
        44.03159941451463
      ],
      [
        0.0,
        0.0,
        0.0,
        1.0
      ]
    ]
  },
  "area": {
    "detected_area_recon_units2": 0.18324232825413872,
    "detected_area_mm2": 838.5606686927933,
    "gt_area_mm2": 814.1772348222818,
    "area_diff_mm2": 24.383433870511567,
    "area_diff_pct": 2.9948557669797746
  },
  "ad_hd": {
    "AD_mm": 0.11365051487016177,
    "HD_mm": 0.8806411007275904,
    "HD90_mm": 0.18767507118694093,
    "mean_det_to_gt_mm": 0.11628653239230141,
    "mean_gt_to_det_mm": 0.11101449734802213,
    "max_det_to_gt_mm": 0.8806411007275904,
    "max_gt_to_det_mm": 0.4240707931369204,
    "p90_det_to_gt_mm": 0.18767507118694093,
    "p90_gt_to_det_mm": 0.18104901993413539
  },
  "fscore": {
    "T_0.10mm": {
      "precision": 0.46175,
      "recall": 0.4673,
      "f1": 0.46450842258220765
    },
    "T_0.20mm": {
      "precision": 0.9236,
      "recall": 0.9399,
      "f1": 0.9316787121008854
    },
    "T_0.30mm": {
      "precision": 0.98425,
      "recall": 0.9979,
      "f1": 0.9910279998990995
    },
    "T_0.50mm": {
      "precision": 0.99465,
      "recall": 1.0,
      "f1": 0.9973178251823628
    },
    "T_0.70mm": {
      "precision": 0.9989,
      "recall": 1.0,
      "f1": 0.9994496973335335
    },
    "T_1.00mm": {
      "precision": 1.0,
      "recall": 1.0,
      "f1": 1.0
    }
  },
  "nc": 0.983734359442769,
  "w2_mm": 1.062817459626062,
  "w2_nc": 0.9711231203177194,
  "w2_subsample": 2000,
  "aux_iou": {
    "pca_2d_iou_pct": 98.75776397515527,
    "pca_det_area_mm2": 744,
    "pca_gt_area_mm2": 740,
    "voxel_iou_pct": 59.63790308052603,
    "voxel_size_mm": 0.30254654617749044
  }
}