{
  "input": {
    "detected": "/home/roman/mini-mesh-eval/runs/v34_test8/lesion_binary_v34n.ply",
    "gt": "/mnt/c/Users/Roman/Documents/blender/foot_with_veins/gt_export_v12/region_lesion_top_v12.ply",
    "n_points": 20000,
    "seed": 0
  },
  "alignment": {
    "init_scale_area_ratio": 583.8071886163012,
    "scale_recon_to_mm": 189.2617301366206,
    "icp_fitness": 1.0,
    "icp_inlier_rmse_mm": 0.1717626347751248,
    "sim3_transform": [
      [
        142.81850383057156,
        -13.946967362628174,
        123.4032396628646,
        44.733625742370606
      ],
      [
        40.735334108429235,
        182.92057348641723,
        -26.470716740990532,
        49.547998663778266
      ],
      [
        -117.31798674107279,
        46.53545305563503,
        141.03525832299815,
        28.496182035723404
      ],
      [
        0.0,
        0.0,
        0.0,
        1.0
      ]
    ]
  },
  "area": {
    "detected_area_recon_units2": 0.002388801583791836,
    "detected_area_mm2": 85.56687868982911,
    "gt_area_mm2": 814.1772348222818,
    "area_diff_mm2": -728.6103561324527,
    "area_diff_pct": -89.49038673274787
  },
  "ad_hd": {
    "AD_mm": 2.6655521992988542,
    "HD_mm": 14.688732880355971,
    "HD90_mm": 10.023113800740642,
    "mean_det_to_gt_mm": 0.15434200278127239,
    "mean_gt_to_det_mm": 5.176762395816436,
    "max_det_to_gt_mm": 0.4485306388366276,
    "max_gt_to_det_mm": 14.688732880355971,
    "p90_det_to_gt_mm": 0.25517224375732933,
    "p90_gt_to_det_mm": 10.023113800740642
  },
  "fscore": {
    "T_0.10mm": {
      "precision": 0.25665,
      "recall": 0.0647,
      "f1": 0.10334684922981174
    },
    "T_0.20mm": {
      "precision": 0.75615,
      "recall": 0.10475,
      "f1": 0.18400908932512486
    },
    "T_0.30mm": {
      "precision": 0.9519,
      "recall": 0.124,
      "f1": 0.21941741797564832
    },
    "T_0.50mm": {
      "precision": 1.0,
      "recall": 0.1442,
      "f1": 0.2520538367418283
    },
    "T_0.70mm": {
      "precision": 1.0,
      "recall": 0.15695,
      "f1": 0.27131682440900645
    },
    "T_1.00mm": {
      "precision": 1.0,
      "recall": 0.1764,
      "f1": 0.29989799387963273
    }
  },
  "nc": 0.9094480782888699,
  "w2_mm": 7.511758627303256,
  "w2_nc": 0.855232328112405,
  "w2_subsample": 2000,
  "aux_iou": {
    "pca_2d_iou_pct": 12.672610633902359,
    "pca_det_area_mm2": 93,
    "pca_gt_area_mm2": 735,
    "voxel_iou_pct": 8.776292612164543,
    "voxel_size_mm": 0.29908015282695355
  }
}