{"W": 3072, "H": 4096, "fx": 2923.450042142207, "fy": 2924.9488610403623, "cx": 1526.4034247623642, "cy": 2050.193648437053, "n_frames": 42}