{
  "input": {
    "detected": "/home/roman/mini-mesh-eval/runs/v34_test10/lesion_clustered.ply",
    "gt": "/mnt/c/Users/Roman/Documents/blender/foot_with_veins/gt_export_v12/region_lesion_top_v12.ply",
    "n_points": 20000,
    "seed": 0
  },
  "alignment": {
    "init_scale_area_ratio": 83.70924658566936,
    "scale_recon_to_mm": 84.72878482386977,
    "icp_fitness": 1.0,
    "icp_inlier_rmse_mm": 0.14780207862613354,
    "sim3_transform": [
      [
        -76.26290536241757,
        36.606201874688594,
        4.7877163368501945,
        44.33062290818805
      ],
      [
        -36.82966957747713,
        -76.1975277588048,
        -4.059455627261218,
        46.07813713518326
      ],
      [
        2.5517998013895777,
        -5.734956450180893,
        84.49595002139274,
        43.53286173750347
      ],
      [
        0.0,
        0.0,
        0.0,
        1.0
      ]
    ]
  },
  "area": {
    "detected_area_recon_units2": 0.11619089276146738,
    "detected_area_mm2": 834.130582247502,
    "gt_area_mm2": 814.1772348222818,
    "area_diff_mm2": 19.953347425220272,
    "area_diff_pct": 2.450737575532394
  },
  "ad_hd": {
    "AD_mm": 0.13246223039643285,
    "HD_mm": 0.6733712527769864,
    "HD90_mm": 0.2108837603087075,
    "mean_det_to_gt_mm": 0.13413890147644933,
    "mean_gt_to_det_mm": 0.1307855593164164,
    "max_det_to_gt_mm": 0.6733712527769864,
    "max_gt_to_det_mm": 0.3992704314385228,
    "p90_det_to_gt_mm": 0.2108837603087075,
    "p90_gt_to_det_mm": 0.20480770110092855
  },
  "fscore": {
    "T_0.10mm": {
      "precision": 0.30955,
      "recall": 0.31085,
      "f1": 0.3101986379754996
    },
    "T_0.20mm": {
      "precision": 0.871,
      "recall": 0.8849,
      "f1": 0.8778949826299903
    },
    "T_0.30mm": {
      "precision": 0.9871,
      "recall": 0.9979,
      "f1": 0.9924706196473552
    },
    "T_0.50mm": {
      "precision": 0.99895,
      "recall": 1.0,
      "f1": 0.9994747242302209
    },
    "T_0.70mm": {
      "precision": 1.0,
      "recall": 1.0,
      "f1": 1.0
    },
    "T_1.00mm": {
      "precision": 1.0,
      "recall": 1.0,
      "f1": 1.0
    }
  },
  "nc": 0.9866165575146724,
  "w2_mm": 1.0091288687351923,
  "w2_nc": 0.9781538948469055,
  "w2_subsample": 2000,
  "aux_iou": {
    "pca_2d_iou_pct": 98.69221735881285,
    "pca_det_area_mm2": 748,
    "pca_gt_area_mm2": 740,
    "voxel_iou_pct": 51.72855313700384,
    "voxel_size_mm": 0.3020500189933689
  }
}