{
  "input": {
    "detected": "/home/roman/mini-mesh-eval/runs/v34_test13/lesion_binary_v34n.ply",
    "gt": "/mnt/c/Users/Roman/Documents/blender/foot_with_veins/gt_export_v12/region_lesion_top_v12.ply",
    "n_points": 20000,
    "seed": 0
  },
  "alignment": {
    "init_scale_area_ratio": 110.10351021038724,
    "scale_recon_to_mm": 84.38064794139426,
    "icp_fitness": 1.0,
    "icp_inlier_rmse_mm": 0.41146392112751673,
    "sim3_transform": [
      [
        55.18136572593582,
        63.3648070612925,
        7.746731550481084,
        37.1804985634179
      ],
      [
        -63.45577259236756,
        55.56361224179165,
        -2.478642039329972,
        45.37320583024995
      ],
      [
        -6.962438390096049,
        -4.204755372011718,
        83.98772666845505,
        35.473823146867076
      ],
      [
        0.0,
        0.0,
        0.0,
        1.0
      ]
    ]
  },
  "area": {
    "detected_area_recon_units2": 0.06716091820377725,
    "detected_area_mm2": 478.19203374613573,
    "gt_area_mm2": 814.1772348222818,
    "area_diff_mm2": -335.98520107614604,
    "area_diff_pct": -41.26683806744913
  },
  "ad_hd": {
    "AD_mm": 0.7809796659785867,
    "HD_mm": 5.891527257268269,
    "HD90_mm": 3.791233559584471,
    "mean_det_to_gt_mm": 0.30590916922031447,
    "mean_gt_to_det_mm": 1.256050162736859,
    "max_det_to_gt_mm": 2.2649476638613963,
    "max_gt_to_det_mm": 5.891527257268269,
    "p90_det_to_gt_mm": 0.6706941680560458,
    "p90_gt_to_det_mm": 3.791233559584471
  },
  "fscore": {
    "T_0.10mm": {
      "precision": 0.11255,
      "recall": 0.09275,
      "f1": 0.10169520214320507
    },
    "T_0.20mm": {
      "precision": 0.44025,
      "recall": 0.2906,
      "f1": 0.35010371485256897
    },
    "T_0.30mm": {
      "precision": 0.6799,
      "recall": 0.41465,
      "f1": 0.5151350509341739
    },
    "T_0.50mm": {
      "precision": 0.8624,
      "recall": 0.52635,
      "f1": 0.6537162772277229
    },
    "T_0.70mm": {
      "precision": 0.90775,
      "recall": 0.571,
      "f1": 0.7010316145393068
    },
    "T_1.00mm": {
      "precision": 0.9641,
      "recall": 0.6295,
      "f1": 0.7616728790160642
    }
  },
  "nc": 0.9319611931188256,
  "w2_mm": 3.6311696605267954,
  "w2_nc": 0.9812404062573613,
  "w2_subsample": 2000,
  "aux_iou": {
    "pca_2d_iou_pct": 58.2665656128194,
    "pca_det_area_mm2": 430,
    "pca_gt_area_mm2": 738,
    "voxel_iou_pct": 18.136491118728575,
    "voxel_size_mm": 0.29908015282695355
  }
}