{
  "input": {
    "detected": "/home/roman/mini-mesh-eval/runs/v34_test16/lesion_final.ply",
    "gt": "/mnt/c/Users/Roman/Documents/blender/foot_with_veins/gt_export_v12/region_lesion_top_v12.ply",
    "n_points": 20000,
    "seed": 0
  },
  "alignment": {
    "init_scale_area_ratio": 66.65712480781552,
    "scale_recon_to_mm": 38.06685840428795,
    "icp_fitness": 1.0,
    "icp_inlier_rmse_mm": 0.34179566105373127,
    "sim3_transform": [
      [
        15.47927960812912,
        0.9562104623718329,
        -34.764396631282615,
        37.71556240745335
      ],
      [
        -31.47649497587469,
        -15.796194864205376,
        -14.44978202665632,
        40.987591941646826
      ],
      [
        14.788775325198314,
        -34.6215481764725,
        5.632604638806543,
        44.091424363809104
      ],
      [
        0.0,
        0.0,
        0.0,
        1.0
      ]
    ]
  },
  "area": {
    "detected_area_recon_units2": 0.18324232825413872,
    "detected_area_mm2": 265.53383911520086,
    "gt_area_mm2": 814.1772348222818,
    "area_diff_mm2": -548.6433957070809,
    "area_diff_pct": -67.38623634285703
  },
  "ad_hd": {
    "AD_mm": 1.576051075531103,
    "HD_mm": 9.360174811826708,
    "HD90_mm": 6.509070744988041,
    "mean_det_to_gt_mm": 0.2915356619005051,
    "mean_gt_to_det_mm": 2.860566489161701,
    "max_det_to_gt_mm": 1.1812477071296503,
    "max_gt_to_det_mm": 9.360174811826708,
    "p90_det_to_gt_mm": 0.5316323621549687,
    "p90_gt_to_det_mm": 6.509070744988041
  },
  "fscore": {
    "T_0.10mm": {
      "precision": 0.079,
      "recall": 0.04935,
      "f1": 0.06075029216984808
    },
    "T_0.20mm": {
      "precision": 0.35375,
      "recall": 0.14055,
      "f1": 0.2011716063119563
    },
    "T_0.30mm": {
      "precision": 0.6244,
      "recall": 0.2193,
      "f1": 0.3245962308877563
    },
    "T_0.50mm": {
      "precision": 0.879,
      "recall": 0.2981,
      "f1": 0.4452126412369382
    },
    "T_0.70mm": {
      "precision": 0.96,
      "recall": 0.33515,
      "f1": 0.4968443809597343
    },
    "T_1.00mm": {
      "precision": 0.99625,
      "recall": 0.3664,
      "f1": 0.5357589990092835
    }
  },
  "nc": 0.8758500917012582,
  "w2_mm": 5.107105782022627,
  "w2_nc": 0.9025191680405468,
  "w2_subsample": 2000,
  "aux_iou": {
    "pca_2d_iou_pct": 32.52138848019182,
    "pca_det_area_mm2": 238,
    "pca_gt_area_mm2": 734,
    "voxel_iou_pct": 10.673035171515414,
    "voxel_size_mm": 0.29908015282695355
  }
}