{
  "input": {
    "detected": "/home/roman/mini-mesh-eval/runs/v34_test16/lesion_final.ply",
    "gt": "/mnt/c/Users/Roman/Documents/blender/foot_with_veins/gt_export_v12/region_lesion_top_v12.ply",
    "n_points": 20000,
    "seed": 0
  },
  "alignment": {
    "init_scale_area_ratio": 66.65712480781552,
    "scale_recon_to_mm": 63.668889648650044,
    "icp_fitness": 0.6218,
    "icp_inlier_rmse_mm": 0.2748746900529329,
    "sim3_transform": [
      [
        24.259119583771184,
        7.6468649593053355,
        -58.367354594896625,
        38.77255098231674
      ],
      [
        -50.0212760710528,
        -30.603500899647987,
        -24.799701248215293,
        40.76170279330869
      ],
      [
        31.03376493975237,
        -55.305322511231786,
        5.652808566087807,
        43.275133613288574
      ],
      [
        0.0,
        0.0,
        0.0,
        1.0
      ]
    ]
  },
  "area": {
    "detected_area_recon_units2": 0.18324232825413872,
    "detected_area_mm2": 742.81446687386,
    "gt_area_mm2": 814.1772348222818,
    "area_diff_mm2": -71.36276794842172,
    "area_diff_pct": -8.765016374352292
  },
  "ad_hd": {
    "AD_mm": 0.5513996275221384,
    "HD_mm": 3.367746832017331,
    "HD90_mm": 1.2875384091951185,
    "mean_det_to_gt_mm": 0.5084872569682715,
    "mean_gt_to_det_mm": 0.5943119980760055,
    "max_det_to_gt_mm": 2.7353150515429614,
    "max_gt_to_det_mm": 3.367746832017331,
    "p90_det_to_gt_mm": 1.134671439957878,
    "p90_gt_to_det_mm": 1.2875384091951185
  },
  "fscore": {
    "T_0.10mm": {
      "precision": 0.05645,
      "recall": 0.0557,
      "f1": 0.05607249219794917
    },
    "T_0.20mm": {
      "precision": 0.2445,
      "recall": 0.2271,
      "f1": 0.23547900763358776
    },
    "T_0.30mm": {
      "precision": 0.4106,
      "recall": 0.37585,
      "f1": 0.39245727001080805
    },
    "T_0.50mm": {
      "precision": 0.6218,
      "recall": 0.57225,
      "f1": 0.5959969013022905
    },
    "T_0.70mm": {
      "precision": 0.72985,
      "recall": 0.67375,
      "f1": 0.7006788793103448
    },
    "T_1.00mm": {
      "precision": 0.86075,
      "recall": 0.80975,
      "f1": 0.834471490571685
    }
  },
  "nc": 0.9006619591471098,
  "w2_mm": 1.513028318472459,
  "w2_nc": 0.9013970856771003,
  "w2_subsample": 2000,
  "aux_iou": {
    "pca_2d_iou_pct": 88.05352536543423,
    "pca_det_area_mm2": 660,
    "pca_gt_area_mm2": 739,
    "voxel_iou_pct": 11.754838709677419,
    "voxel_size_mm": 0.29908015282695355
  }
}