{
  "input": {
    "detected": "/home/roman/mini-mesh-eval/runs/v34_test6/lesion_clustered.ply",
    "gt": "/mnt/c/Users/Roman/Documents/blender/foot_with_veins/gt_export_v12/region_lesion_top_v12.ply",
    "n_points": 20000,
    "seed": 0
  },
  "alignment": {
    "init_scale_area_ratio": 63.33720105827471,
    "scale_recon_to_mm": 64.02752537623654,
    "icp_fitness": 1.0,
    "icp_inlier_rmse_mm": 0.13743276890833267,
    "sim3_transform": [
      [
        -53.17563993287214,
        35.6588025137724,
        0.5701989283931667,
        51.13984589873467
      ],
      [
        -35.635118555156616,
        -53.086005001737725,
        -3.3968226801002435,
        46.36306699262206
      ],
      [
        -1.419031040564201,
        -3.138452173269844,
        63.93481426161021,
        36.595838693838836
      ],
      [
        0.0,
        0.0,
        0.0,
        1.0
      ]
    ]
  },
  "area": {
    "detected_area_recon_units2": 0.20295568455861118,
    "detected_area_mm2": 832.021700962541,
    "gt_area_mm2": 814.1772348222818,
    "area_diff_mm2": 17.844466140259215,
    "area_diff_pct": 2.1917176478355227
  },
  "ad_hd": {
    "AD_mm": 0.1215649904185326,
    "HD_mm": 0.7477667141452498,
    "HD90_mm": 0.19415160387647468,
    "mean_det_to_gt_mm": 0.12313223090653828,
    "mean_gt_to_det_mm": 0.1199977499305269,
    "max_det_to_gt_mm": 0.7477667141452498,
    "max_gt_to_det_mm": 0.400264643177772,
    "p90_det_to_gt_mm": 0.19415160387647468,
    "p90_gt_to_det_mm": 0.18938529292102146
  },
  "fscore": {
    "T_0.10mm": {
      "precision": 0.3818,
      "recall": 0.38735,
      "f1": 0.3845549762725086
    },
    "T_0.20mm": {
      "precision": 0.9142,
      "recall": 0.9252,
      "f1": 0.9196671088398392
    },
    "T_0.30mm": {
      "precision": 0.989,
      "recall": 0.9985,
      "f1": 0.9937272955974843
    },
    "T_0.50mm": {
      "precision": 0.9979,
      "recall": 1.0,
      "f1": 0.9989488963411582
    },
    "T_0.70mm": {
      "precision": 0.9998,
      "recall": 1.0,
      "f1": 0.9998999899989999
    },
    "T_1.00mm": {
      "precision": 1.0,
      "recall": 1.0,
      "f1": 1.0
    }
  },
  "nc": 0.9852787529444393,
  "w2_mm": 0.9279630913820236,
  "w2_nc": 0.971562653252469,
  "w2_subsample": 2000,
  "aux_iou": {
    "pca_2d_iou_pct": 99.26799074223585,
    "pca_det_area_mm2": 740,
    "pca_gt_area_mm2": 740,
    "voxel_iou_pct": 56.23147986752658,
    "voxel_size_mm": 0.30123577738999197
  }
}