{
  "input": {
    "detected": "/home/roman/mini-mesh-eval/runs/v34_test11/lesion_above_threshold.ply",
    "gt": "/mnt/c/Users/Roman/Documents/blender/foot_with_veins/gt_export_v12/region_lesion_top_v12.ply",
    "n_points": 20000,
    "seed": 0
  },
  "alignment": {
    "init_scale_area_ratio": 69.04693264036521,
    "scale_recon_to_mm": 70.02729481463743,
    "icp_fitness": 1.0,
    "icp_inlier_rmse_mm": 0.13531986859420186,
    "sim3_transform": [
      [
        38.20242060934288,
        58.687773642931205,
        -0.3772313336375648,
        39.73795853428773
      ],
      [
        -58.66158100529809,
        38.17003937932474,
        -2.385168085448578,
        39.44373261550416
      ],
      [
        -1.7933188790387986,
        1.6172005667222973,
        69.98564630537584,
        43.35255495499231
      ],
      [
        0.0,
        0.0,
        0.0,
        1.0
      ]
    ]
  },
  "area": {
    "detected_area_recon_units2": 0.17077731243225316,
    "detected_area_mm2": 837.4615450605194,
    "gt_area_mm2": 814.1772348222818,
    "area_diff_mm2": 23.284310238237595,
    "area_diff_pct": 2.8598576872909107
  },
  "ad_hd": {
    "AD_mm": 0.1164960885023065,
    "HD_mm": 0.851129932359917,
    "HD90_mm": 0.18844756073257476,
    "mean_det_to_gt_mm": 0.11856196719934506,
    "mean_gt_to_det_mm": 0.11443020980526794,
    "max_det_to_gt_mm": 0.851129932359917,
    "max_gt_to_det_mm": 0.3517340060314574,
    "p90_det_to_gt_mm": 0.18844756073257476,
    "p90_gt_to_det_mm": 0.1838951080472363
  },
  "fscore": {
    "T_0.10mm": {
      "precision": 0.427,
      "recall": 0.4308,
      "f1": 0.4288915831196083
    },
    "T_0.20mm": {
      "precision": 0.9244,
      "recall": 0.93765,
      "f1": 0.9309778577374399
    },
    "T_0.30mm": {
      "precision": 0.987,
      "recall": 0.9983,
      "f1": 0.9926178411323225
    },
    "T_0.50mm": {
      "precision": 0.99615,
      "recall": 1.0,
      "f1": 0.9980712872279137
    },
    "T_0.70mm": {
      "precision": 0.99935,
      "recall": 1.0,
      "f1": 0.9996748943406607
    },
    "T_1.00mm": {
      "precision": 1.0,
      "recall": 1.0,
      "f1": 1.0
    }
  },
  "nc": 0.9803532856082613,
  "w2_mm": 1.1132258254815321,
  "w2_nc": 0.9696107552721047,
  "w2_subsample": 2000,
  "aux_iou": {
    "pca_2d_iou_pct": 99.10920311242286,
    "pca_det_area_mm2": 744,
    "pca_gt_area_mm2": 740,
    "voxel_iou_pct": 58.10774591262396,
    "voxel_size_mm": 0.3031412617266567
  }
}