{
  "detected_area_recon_units2": 0.03213283103961481,
  "detected_area_mm2": 829.6679806289155,
  "gt_area_mm2": 814.1772348222818,
  "area_diff_mm2": 15.490745806633754,
  "area_diff_pct": 1.9026257605956112,
  "scale_recon_to_mm": 160.68586301023848,
  "icp_fitness": 1.0,
  "icp_inlier_rmse_mm": 0.17939665901534738,
  "chamfer_distance_mm": 0.16314023551127296,
  "hausdorff_distance_mm": 0.6556357854206003,
  "pca_iou_pct": 98.59473429171378,
  "pca_det_area_mm2": 735,
  "pca_gt_area_mm2": 740,
  "voxel_iou_pct": 40.09216589861751,
  "voxel_size_mm": 0.2988681421202404,
  "sim3_transform": [
    [
      128.92987516004598,
      95.88659204356213,
      1.6719236918843314,
      64.6928764092902
    ],
    [
      -95.62301399152032,
      128.7495933884969,
      -9.986389178254308,
      55.49596587821796
    ],
    [
      -7.298839478837542,
      7.017851516895841,
      160.3665279093302,
      41.606534063654316
    ],
    [
      0.0,
      0.0,
      0.0,
      1.0
    ]
  ],
  "n_sample_points": 20000
}