{
  "input": {
    "detected": "/home/roman/mini-mesh-eval/runs/v34_test11/lesion_final.ply",
    "gt": "/mnt/c/Users/Roman/Documents/blender/foot_with_veins/gt_export_v12/region_lesion_top_v12.ply",
    "n_points": 20000,
    "seed": 0
  },
  "alignment": {
    "init_scale_area_ratio": 69.04693264036521,
    "scale_recon_to_mm": 70.0117103838109,
    "icp_fitness": 1.0,
    "icp_inlier_rmse_mm": 0.13432696753019058,
    "sim3_transform": [
      [
        38.154821927584464,
        58.70011811592179,
        -0.3811662599961072,
        39.73835101166703
      ],
      [
        -58.6741634167045,
        38.12250780615335,
        -2.3783474906467443,
        39.45652706961035
      ],
      [
        -1.7865334843819014,
        1.6155873895301538,
        69.9702634435699,
        43.36058973016985
      ],
      [
        0.0,
        0.0,
        0.0,
        1.0
      ]
    ]
  },
  "area": {
    "detected_area_recon_units2": 0.17077731243225316,
    "detected_area_mm2": 837.088835839732,
    "gt_area_mm2": 814.1772348222818,
    "area_diff_mm2": 22.911601017450266,
    "area_diff_pct": 2.8140802809908334
  },
  "ad_hd": {
    "AD_mm": 0.1160013196094709,
    "HD_mm": 0.8148244370685698,
    "HD90_mm": 0.18787248082950983,
    "mean_det_to_gt_mm": 0.1178288586625019,
    "mean_gt_to_det_mm": 0.1141737805564399,
    "max_det_to_gt_mm": 0.8148244370685698,
    "max_gt_to_det_mm": 0.36514572668196343,
    "p90_det_to_gt_mm": 0.18787248082950983,
    "p90_gt_to_det_mm": 0.18324599659063032
  },
  "fscore": {
    "T_0.10mm": {
      "precision": 0.4336,
      "recall": 0.4313,
      "f1": 0.43244694184298765
    },
    "T_0.20mm": {
      "precision": 0.9246,
      "recall": 0.9386,
      "f1": 0.9315474023185917
    },
    "T_0.30mm": {
      "precision": 0.98765,
      "recall": 0.99895,
      "f1": 0.9932678621765831
    },
    "T_0.50mm": {
      "precision": 0.9966,
      "recall": 1.0,
      "f1": 0.9982971050786338
    },
    "T_0.70mm": {
      "precision": 0.99925,
      "recall": 1.0,
      "f1": 0.9996248593222459
    },
    "T_1.00mm": {
      "precision": 1.0,
      "recall": 1.0,
      "f1": 1.0
    }
  },
  "nc": 0.9800047159619378,
  "w2_mm": 1.0322503956034963,
  "w2_nc": 0.9688234888935947,
  "w2_subsample": 2000,
  "aux_iou": {
    "pca_2d_iou_pct": 99.06090689562652,
    "pca_det_area_mm2": 743,
    "pca_gt_area_mm2": 739,
    "voxel_iou_pct": 58.65841628553493,
    "voxel_size_mm": 0.3031794250078222
  }
}