{
  "input": {
    "detected": "/home/roman/mini-mesh-eval/runs/v34_test14/lesion_above_threshold.ply",
    "gt": "/mnt/c/Users/Roman/Documents/blender/foot_with_veins/gt_export_v12/region_lesion_top_v12.ply",
    "n_points": 20000,
    "seed": 0
  },
  "alignment": {
    "init_scale_area_ratio": 110.79186228290176,
    "scale_recon_to_mm": 111.65410039905758,
    "icp_fitness": 1.0,
    "icp_inlier_rmse_mm": 0.13443099091845023,
    "sim3_transform": [
      [
        78.69172790363572,
        79.08361609733947,
        4.475685470589681,
        39.19447808892884
      ],
      [
        -78.99629464762327,
        78.81717432432605,
        -3.751879448685469,
        42.10551553723266
      ],
      [
        -5.816831389069958,
        -0.5223336292421471,
        111.50125459425892,
        40.03170105621809
      ],
      [
        0.0,
        0.0,
        0.0,
        1.0
      ]
    ]
  },
  "area": {
    "detected_area_recon_units2": 0.0663289664481618,
    "detected_area_mm2": 826.8992226390097,
    "gt_area_mm2": 814.1772348222818,
    "area_diff_mm2": 12.72198781672796,
    "area_diff_pct": 1.5625575455330571
  },
  "ad_hd": {
    "AD_mm": 0.1179962112154438,
    "HD_mm": 0.7154855270670885,
    "HD90_mm": 0.19185468154632696,
    "mean_det_to_gt_mm": 0.11971507200322315,
    "mean_gt_to_det_mm": 0.11627735042766446,
    "max_det_to_gt_mm": 0.7154855270670885,
    "max_gt_to_det_mm": 0.4033610258737906,
    "p90_det_to_gt_mm": 0.19185468154632696,
    "p90_gt_to_det_mm": 0.18743885405542854
  },
  "fscore": {
    "T_0.10mm": {
      "precision": 0.41465,
      "recall": 0.4219,
      "f1": 0.4182435837666607
    },
    "T_0.20mm": {
      "precision": 0.917,
      "recall": 0.93045,
      "f1": 0.923676039946954
    },
    "T_0.30mm": {
      "precision": 0.98845,
      "recall": 0.9982,
      "f1": 0.9933010746734453
    },
    "T_0.50mm": {
      "precision": 0.9982,
      "recall": 1.0,
      "f1": 0.9990991892703432
    },
    "T_0.70mm": {
      "precision": 0.99995,
      "recall": 1.0,
      "f1": 0.9999749993749844
    },
    "T_1.00mm": {
      "precision": 1.0,
      "recall": 1.0,
      "f1": 1.0
    }
  },
  "nc": 0.9906536815165683,
  "w2_mm": 0.9312863313420174,
  "w2_nc": 0.9809802426280411,
  "w2_subsample": 2000,
  "aux_iou": {
    "pca_2d_iou_pct": 99.07586503331184,
    "pca_det_area_mm2": 741,
    "pca_gt_area_mm2": 740,
    "voxel_iou_pct": 57.05246506722911,
    "voxel_size_mm": 0.30030759416290087
  }
}