{
  "input": {
    "detected": "/home/roman/mini-mesh-eval/runs/v34_test16/lesion_clustered.ply",
    "gt": "/mnt/c/Users/Roman/Documents/blender/foot_with_veins/gt_export_v12/region_lesion_top_v12.ply",
    "n_points": 20000,
    "seed": 0
  },
  "alignment": {
    "init_scale_area_ratio": 66.65712480781553,
    "scale_recon_to_mm": 67.68221092963732,
    "icp_fitness": 0.99505,
    "icp_inlier_rmse_mm": 0.12903913023947802,
    "sim3_transform": [
      [
        -8.752824924983052,
        67.06207106141866,
        2.6359736549756496,
        40.1742530501493
      ],
      [
        -67.10814734785582,
        -8.779999948557363,
        0.5383649001808731,
        40.887681563144454
      ],
      [
        0.8753808856741555,
        -2.543993353070558,
        67.62871788263061,
        44.02394196467103
      ],
      [
        0.0,
        0.0,
        0.0,
        1.0
      ]
    ]
  },
  "area": {
    "detected_area_recon_units2": 0.18324232825413866,
    "detected_area_mm2": 839.4114238263181,
    "gt_area_mm2": 814.1772348222818,
    "area_diff_mm2": 25.234189004036352,
    "area_diff_pct": 3.0993483881362094
  },
  "ad_hd": {
    "AD_mm": 0.11416587259939072,
    "HD_mm": 0.8641483839306052,
    "HD90_mm": 0.1899564939101024,
    "mean_det_to_gt_mm": 0.1170645877591536,
    "mean_gt_to_det_mm": 0.11126715743962784,
    "max_det_to_gt_mm": 0.8641483839306052,
    "max_gt_to_det_mm": 0.385938678513774,
    "p90_det_to_gt_mm": 0.1899564939101024,
    "p90_gt_to_det_mm": 0.1814702877140625
  },
  "fscore": {
    "T_0.10mm": {
      "precision": 0.4588,
      "recall": 0.46045,
      "f1": 0.45962351917323907
    },
    "T_0.20mm": {
      "precision": 0.9188,
      "recall": 0.9409,
      "f1": 0.9297186858095392
    },
    "T_0.30mm": {
      "precision": 0.9844,
      "recall": 0.99845,
      "f1": 0.9913752225332224
    },
    "T_0.50mm": {
      "precision": 0.99505,
      "recall": 1.0,
      "f1": 0.9975188591764618
    },
    "T_0.70mm": {
      "precision": 0.99875,
      "recall": 1.0,
      "f1": 0.9993746091307067
    },
    "T_1.00mm": {
      "precision": 1.0,
      "recall": 1.0,
      "f1": 1.0
    }
  },
  "nc": 0.983595889299118,
  "w2_mm": 0.9897183496737649,
  "w2_nc": 0.9732709201700448,
  "w2_subsample": 2000,
  "aux_iou": {
    "pca_2d_iou_pct": 98.72083065724684,
    "pca_det_area_mm2": 745,
    "pca_gt_area_mm2": 740,
    "voxel_iou_pct": 58.913824057450626,
    "voxel_size_mm": 0.3030019237585783
  }
}