{
  "detected_area_recon_units2": 0.03227316717900376,
  "detected_area_mm2": 831.1128530636875,
  "gt_area_mm2": 814.1772348222818,
  "area_diff_mm2": 16.935618241405678,
  "area_diff_pct": 2.080089876880723,
  "scale_recon_to_mm": 160.47567292652,
  "icp_fitness": 1.0,
  "icp_inlier_rmse_mm": 0.18090322445429888,
  "chamfer_distance_mm": 0.16254331236935932,
  "hausdorff_distance_mm": 0.6803149837658806,
  "pca_iou_pct": 98.76164324557153,
  "pca_det_area_mm2": 736,
  "pca_gt_area_mm2": 740,
  "voxel_iou_pct": 40.63182527301092,
  "voxel_size_mm": 0.30001206681942394,
  "sim3_transform": [
    [
      128.64508055844368,
      95.91620307101793,
      1.7224510937076047,
      64.69704654467512
    ],
    [
      -95.64111915344229,
      128.45886036683288,
      -10.175417512389911,
      55.46513600549347
    ],
    [
      -7.460641822853782,
      7.130552777502513,
      160.1434845440092,
      41.646281020731514
    ],
    [
      0.0,
      0.0,
      0.0,
      1.0
    ]
  ],
  "n_sample_points": 20000
}