{"W": 3072, "H": 4096, "fx": 2934.1290020401275, "fy": 2935.9060489013114, "cx": 1517.3499021698804, "cy": 2049.1115081998005, "n_frames": 51}