{"W": 3072, "H": 4096, "fx": 2857.010251376771, "fy": 2855.0802194061102, "cx": 1526.9127999576926, "cy": 2057.7052162795753, "n_frames": 101}