{"W": 3072, "H": 4096, "fx": 2878.1540231847675, "fy": 2881.013338862435, "cx": 1526.309185173681, "cy": 2045.4463450658927, "n_frames": 99}