{
  "input": {
    "detected": "/home/roman/mini-mesh-eval/runs/v34_test12/lesion_binary_v34n.ply",
    "gt": "/mnt/c/Users/Roman/Documents/blender/foot_with_veins/gt_export_v12/region_lesion_top_v12.ply",
    "n_points": 20000,
    "seed": 0
  },
  "alignment": {
    "init_scale_area_ratio": 203.91689095563436,
    "scale_recon_to_mm": 26.299494141211024,
    "icp_fitness": 1.0,
    "icp_inlier_rmse_mm": 0.17461107578412108,
    "sim3_transform": [
      [
        25.88642207867521,
        -0.20028739241743485,
        4.638580495012222,
        40.727670756692945
      ],
      [
        0.7959845844545562,
        26.077441907453952,
        -3.3161459841614693,
        38.13941747363748
      ],
      [
        -4.574161408343579,
        3.4044530555432355,
        25.67391942977569,
        41.294781473344194
      ],
      [
        0.0,
        0.0,
        0.0,
        1.0
      ]
    ]
  },
  "area": {
    "detected_area_recon_units2": 0.01957999393530331,
    "detected_area_mm2": 13.54276502226804,
    "gt_area_mm2": 814.1772348222818,
    "area_diff_mm2": -800.6344698000138,
    "area_diff_pct": -98.33663182375467
  },
  "ad_hd": {
    "AD_mm": 4.2310454509989315,
    "HD_mm": 17.036709656253738,
    "HD90_mm": 13.03957673654031,
    "mean_det_to_gt_mm": 0.15647592778279745,
    "mean_gt_to_det_mm": 8.305614974215066,
    "max_det_to_gt_mm": 0.5003977571195792,
    "max_gt_to_det_mm": 17.036709656253738,
    "p90_det_to_gt_mm": 0.25679665216744196,
    "p90_gt_to_det_mm": 13.03957673654031
  },
  "fscore": {
    "T_0.10mm": {
      "precision": 0.2382,
      "recall": 0.0125,
      "f1": 0.023753490227363387
    },
    "T_0.20mm": {
      "precision": 0.76265,
      "recall": 0.0197,
      "f1": 0.03840788649581389
    },
    "T_0.30mm": {
      "precision": 0.945,
      "recall": 0.02305,
      "f1": 0.045002324260110534
    },
    "T_0.50mm": {
      "precision": 0.99995,
      "recall": 0.02795,
      "f1": 0.05438000291857184
    },
    "T_0.70mm": {
      "precision": 1.0,
      "recall": 0.03255,
      "f1": 0.06304779429567575
    },
    "T_1.00mm": {
      "precision": 1.0,
      "recall": 0.03985,
      "f1": 0.07664567004856469
    }
  },
  "nc": 0.8703971291676962,
  "w2_mm": 9.606146077797456,
  "w2_nc": 0.8583717473892561,
  "w2_subsample": 2000,
  "aux_iou": {
    "pca_2d_iou_pct": 2.1734405564007826,
    "pca_det_area_mm2": 16,
    "pca_gt_area_mm2": 736,
    "voxel_iou_pct": 1.8061674008810573,
    "voxel_size_mm": 0.29908015282695355
  }
}