{
  "input": {
    "detected": "/home/roman/mini-mesh-eval/runs/v34_test4/lesion_above_threshold.ply",
    "gt": "/mnt/c/Users/Roman/Documents/blender/foot_with_veins/gt_export_v12/region_lesion_top_v12.ply",
    "n_points": 20000,
    "seed": 0
  },
  "alignment": {
    "init_scale_area_ratio": 159.2540383975914,
    "scale_recon_to_mm": 160.52942681936943,
    "icp_fitness": 1.0,
    "icp_inlier_rmse_mm": 0.17999809326644378,
    "sim3_transform": [
      [
        128.72945167669033,
        95.8935343503141,
        1.689738375863253,
        64.68025047549136
      ],
      [
        -95.62871054755692,
        128.54994374295774,
        -9.987920586867942,
        55.481848617049984
      ],
      [
        -7.319485295146498,
        7.00277862298786,
        160.2094975384628,
        41.61985411434962
      ],
      [
        0.0,
        0.0,
        0.0,
        1.0
      ]
    ]
  },
  "area": {
    "detected_area_recon_units2": 0.03210244028257479,
    "detected_area_mm2": 827.2701550283059,
    "gt_area_mm2": 814.1772348222818,
    "area_diff_mm2": 13.092920206024132,
    "area_diff_pct": 1.6081167153834814
  },
  "ad_hd": {
    "AD_mm": 0.1626615783667099,
    "HD_mm": 0.6263951366527285,
    "HD90_mm": 0.257198230915317,
    "mean_det_to_gt_mm": 0.16412075233883683,
    "mean_gt_to_det_mm": 0.161202404394583,
    "max_det_to_gt_mm": 0.6263951366527285,
    "max_gt_to_det_mm": 0.4964505030415626,
    "p90_det_to_gt_mm": 0.257198230915317,
    "p90_gt_to_det_mm": 0.2522814838233982
  },
  "fscore": {
    "T_0.10mm": {
      "precision": 0.19215,
      "recall": 0.19435,
      "f1": 0.19324373868046574
    },
    "T_0.20mm": {
      "precision": 0.72105,
      "recall": 0.72665,
      "f1": 0.723839169026732
    },
    "T_0.30mm": {
      "precision": 0.95905,
      "recall": 0.96965,
      "f1": 0.9643208715715248
    },
    "T_0.50mm": {
      "precision": 0.99845,
      "recall": 1.0,
      "f1": 0.9992243989091545
    },
    "T_0.70mm": {
      "precision": 1.0,
      "recall": 1.0,
      "f1": 1.0
    },
    "T_1.00mm": {
      "precision": 1.0,
      "recall": 1.0,
      "f1": 1.0
    }
  },
  "nc": 0.9898061710016675,
  "w2_mm": 1.0505530607368523,
  "w2_nc": 0.9767002783185185,
  "w2_subsample": 2000,
  "aux_iou": {
    "pca_2d_iou_pct": 98.67831903760047,
    "pca_det_area_mm2": 733,
    "pca_gt_area_mm2": 739,
    "voxel_iou_pct": 40.70339976553341,
    "voxel_size_mm": 0.29909424768577547
  }
}