{
  "input": {
    "detected": "/home/roman/mini-mesh-eval/runs/v34_test16/lesion_final.ply",
    "gt": "/mnt/c/Users/Roman/Documents/blender/foot_with_veins/gt_export_v12/region_lesion_top_v12.ply",
    "n_points": 20000,
    "seed": 0
  },
  "alignment": {
    "init_scale_area_ratio": 66.65712480781552,
    "scale_recon_to_mm": 52.139818622328754,
    "icp_fitness": 0.9288,
    "icp_inlier_rmse_mm": 0.395049089566562,
    "sim3_transform": [
      [
        17.735362776534913,
        -0.3418235993735927,
        -49.029590552858565,
        38.514917813488026
      ],
      [
        -44.694677707431026,
        -21.54994574903142,
        -16.017063052009,
        40.93843051472318
      ],
      [
        20.159448846209457,
        -47.476769907082456,
        7.6232294584595826,
        43.79903642366737
      ],
      [
        0.0,
        0.0,
        0.0,
        1.0
      ]
    ]
  },
  "area": {
    "detected_area_recon_units2": 0.18324232825413872,
    "detected_area_mm2": 498.155389597194,
    "gt_area_mm2": 814.1772348222818,
    "area_diff_mm2": -316.02184522508776,
    "area_diff_pct": -38.814871223225595
  },
  "ad_hd": {
    "AD_mm": 0.7902073416608151,
    "HD_mm": 5.6840348569897365,
    "HD90_mm": 3.164725830834728,
    "mean_det_to_gt_mm": 0.4009406350114383,
    "mean_gt_to_det_mm": 1.1794740483101918,
    "max_det_to_gt_mm": 2.240253374096597,
    "max_gt_to_det_mm": 5.6840348569897365,
    "p90_det_to_gt_mm": 0.860527821056282,
    "p90_gt_to_det_mm": 3.164725830834728
  },
  "fscore": {
    "T_0.10mm": {
      "precision": 0.0758,
      "recall": 0.06505,
      "f1": 0.07001476748313809
    },
    "T_0.20mm": {
      "precision": 0.3266,
      "recall": 0.21755,
      "f1": 0.2611479555269686
    },
    "T_0.30mm": {
      "precision": 0.51175,
      "recall": 0.32445,
      "f1": 0.3971233855536953
    },
    "T_0.50mm": {
      "precision": 0.74805,
      "recall": 0.4663,
      "f1": 0.5744895870218635
    },
    "T_0.70mm": {
      "precision": 0.8497,
      "recall": 0.5403,
      "f1": 0.6605653381294964
    },
    "T_1.00mm": {
      "precision": 0.9288,
      "recall": 0.6099,
      "f1": 0.7363035289530123
    }
  },
  "nc": 0.902367445363356,
  "w2_mm": 2.812987660913437,
  "w2_nc": 0.9025256298287029,
  "w2_subsample": 2000,
  "aux_iou": {
    "pca_2d_iou_pct": 60.08444300097434,
    "pca_det_area_mm2": 444,
    "pca_gt_area_mm2": 738,
    "voxel_iou_pct": 13.203206174855278,
    "voxel_size_mm": 0.29908015282695355
  }
}