{
  "input": {
    "detected": "/home/roman/mini-mesh-eval/runs/v34_test6/lesion_final.ply",
    "gt": "/mnt/c/Users/Roman/Documents/blender/foot_with_veins/gt_export_v12/region_lesion_top_v12.ply",
    "n_points": 20000,
    "seed": 0
  },
  "alignment": {
    "init_scale_area_ratio": 63.33720105827471,
    "scale_recon_to_mm": 64.02752537623665,
    "icp_fitness": 1.0,
    "icp_inlier_rmse_mm": 0.13743276890833317,
    "sim3_transform": [
      [
        -53.175639932872265,
        35.65880251377241,
        0.5701989283930267,
        51.13984589873479
      ],
      [
        -35.63511855515686,
        -53.086005001737746,
        -3.396822680100415,
        46.36306699262207
      ],
      [
        -1.419031040564091,
        -3.1384521732698643,
        63.93481426161025,
        36.59583869383855
      ],
      [
        0.0,
        0.0,
        0.0,
        1.0
      ]
    ]
  },
  "area": {
    "detected_area_recon_units2": 0.20295568455861118,
    "detected_area_mm2": 832.0217009625418,
    "gt_area_mm2": 814.1772348222818,
    "area_diff_mm2": 17.84446614026001,
    "area_diff_pct": 2.1917176478356204
  },
  "ad_hd": {
    "AD_mm": 0.12156499041852753,
    "HD_mm": 0.7477667141455021,
    "HD90_mm": 0.1941516038765398,
    "mean_det_to_gt_mm": 0.1231322309065353,
    "mean_gt_to_det_mm": 0.11999774993051975,
    "max_det_to_gt_mm": 0.7477667141455021,
    "max_gt_to_det_mm": 0.4002646431776665,
    "p90_det_to_gt_mm": 0.1941516038765398,
    "p90_gt_to_det_mm": 0.18938529292086706
  },
  "fscore": {
    "T_0.10mm": {
      "precision": 0.3818,
      "recall": 0.38735,
      "f1": 0.3845549762725086
    },
    "T_0.20mm": {
      "precision": 0.9142,
      "recall": 0.9252,
      "f1": 0.9196671088398392
    },
    "T_0.30mm": {
      "precision": 0.989,
      "recall": 0.9985,
      "f1": 0.9937272955974843
    },
    "T_0.50mm": {
      "precision": 0.9979,
      "recall": 1.0,
      "f1": 0.9989488963411582
    },
    "T_0.70mm": {
      "precision": 0.9998,
      "recall": 1.0,
      "f1": 0.9998999899989999
    },
    "T_1.00mm": {
      "precision": 1.0,
      "recall": 1.0,
      "f1": 1.0
    }
  },
  "nc": 0.9852787529444393,
  "w2_mm": 0.9279630913820208,
  "w2_nc": 0.9715626532524685,
  "w2_subsample": 2000,
  "aux_iou": {
    "pca_2d_iou_pct": 99.26799074223585,
    "pca_det_area_mm2": 740,
    "pca_gt_area_mm2": 740,
    "voxel_iou_pct": 56.23638106859583,
    "voxel_size_mm": 0.3012357773899918
  }
}