{
  "input": {
    "detected": "/home/roman/mini-mesh-eval/runs/v34_test16/lesion_above_threshold.ply",
    "gt": "/mnt/c/Users/Roman/Documents/blender/foot_with_veins/gt_export_v12/region_lesion_top_v12.ply",
    "n_points": 20000,
    "seed": 0
  },
  "alignment": {
    "init_scale_area_ratio": 66.65712480781553,
    "scale_recon_to_mm": 67.6302209393964,
    "icp_fitness": 0.9943,
    "icp_inlier_rmse_mm": 0.12764575925358107,
    "sim3_transform": [
      [
        -8.818500979135191,
        67.0003585825556,
        2.6519378954868427,
        40.16797097150734
      ],
      [
        -67.04717979468448,
        -8.845555733244499,
        0.5278348803240421,
        40.89875267136831
      ],
      [
        0.8697737474850319,
        -2.560249575839949,
        67.57614519968698,
        44.027439932477805
      ],
      [
        0.0,
        0.0,
        0.0,
        1.0
      ]
    ]
  },
  "area": {
    "detected_area_recon_units2": 0.18324232825413866,
    "detected_area_mm2": 838.1223338349596,
    "gt_area_mm2": 814.1772348222818,
    "area_diff_mm2": 23.945099012677815,
    "area_diff_pct": 2.9410179981149365
  },
  "ad_hd": {
    "AD_mm": 0.11449787870166156,
    "HD_mm": 0.874992628830354,
    "HD90_mm": 0.18614222564697447,
    "mean_det_to_gt_mm": 0.11685095517135999,
    "mean_gt_to_det_mm": 0.11214480223196313,
    "max_det_to_gt_mm": 0.874992628830354,
    "max_gt_to_det_mm": 0.3607632861536199,
    "p90_det_to_gt_mm": 0.18614222564697447,
    "p90_gt_to_det_mm": 0.18276213978429773
  },
  "fscore": {
    "T_0.10mm": {
      "precision": 0.4528,
      "recall": 0.4549,
      "f1": 0.45384757078329846
    },
    "T_0.20mm": {
      "precision": 0.9262,
      "recall": 0.93615,
      "f1": 0.9311484200069804
    },
    "T_0.30mm": {
      "precision": 0.98415,
      "recall": 0.9985,
      "f1": 0.9912730688724686
    },
    "T_0.50mm": {
      "precision": 0.9943,
      "recall": 1.0,
      "f1": 0.9971418542847114
    },
    "T_0.70mm": {
      "precision": 0.99845,
      "recall": 1.0,
      "f1": 0.9992243989091545
    },
    "T_1.00mm": {
      "precision": 1.0,
      "recall": 1.0,
      "f1": 1.0
    }
  },
  "nc": 0.9834685161042105,
  "w2_mm": 0.8772998860440779,
  "w2_nc": 0.9747339133018966,
  "w2_subsample": 2000,
  "aux_iou": {
    "pca_2d_iou_pct": 98.86381906854601,
    "pca_det_area_mm2": 743,
    "pca_gt_area_mm2": 740,
    "voxel_iou_pct": 59.028586790931094,
    "voxel_size_mm": 0.3028522768720395
  }
}