{
  "input": {
    "detected": "/home/roman/mini-mesh-eval/runs/v34_test6/lesion_binary_v34n.ply",
    "gt": "/mnt/c/Users/Roman/Documents/blender/foot_with_veins/gt_export_v12/region_lesion_top_v12.ply",
    "n_points": 20000,
    "seed": 0
  },
  "alignment": {
    "init_scale_area_ratio": 63.33720105827471,
    "scale_recon_to_mm": 1.1284535688411046,
    "icp_fitness": 1.0,
    "icp_inlier_rmse_mm": 0.08697286486641174,
    "sim3_transform": [
      [
        0.553243139723436,
        -0.312638855965483,
        -0.932516182765638,
        38.95979972407404
      ],
      [
        -0.5409634243866743,
        0.796818441637882,
        -0.5880870697199787,
        39.44617559647636
      ],
      [
        0.8213939729843658,
        0.7353535026343159,
        0.240779202462796,
        44.61719415407428
      ],
      [
        0.0,
        0.0,
        0.0,
        1.0
      ]
    ]
  },
  "area": {
    "detected_area_recon_units2": 0.20295568455861118,
    "detected_area_mm2": 0.2584452821636094,
    "gt_area_mm2": 814.1772348222818,
    "area_diff_mm2": -813.9187895401182,
    "area_diff_pct": -99.96825687686784
  },
  "ad_hd": {
    "AD_mm": 5.155927727360154,
    "HD_mm": 16.64596223765257,
    "HD90_mm": 14.598568545839482,
    "mean_det_to_gt_mm": 0.08057163475729398,
    "mean_gt_to_det_mm": 10.231283819963013,
    "max_det_to_gt_mm": 0.1799639932186457,
    "max_gt_to_det_mm": 16.64596223765257,
    "p90_det_to_gt_mm": 0.1237986064648161,
    "p90_gt_to_det_mm": 14.598568545839482
  },
  "fscore": {
    "T_0.10mm": {
      "precision": 0.73505,
      "recall": 0.00055,
      "f1": 0.0010991775421424687
    },
    "T_0.20mm": {
      "precision": 1.0,
      "recall": 0.00075,
      "f1": 0.0014988758431176618
    },
    "T_0.30mm": {
      "precision": 1.0,
      "recall": 0.0012,
      "f1": 0.00239712345185777
    },
    "T_0.50mm": {
      "precision": 1.0,
      "recall": 0.002,
      "f1": 0.003992015968063872
    },
    "T_0.70mm": {
      "precision": 1.0,
      "recall": 0.003,
      "f1": 0.005982053838484547
    },
    "T_1.00mm": {
      "precision": 1.0,
      "recall": 0.0059,
      "f1": 0.01173078834874242
    }
  },
  "nc": 0.7679466230720364,
  "w2_mm": 10.783464584038414,
  "w2_nc": 0.7860634255995966,
  "w2_subsample": 2000,
  "aux_iou": {
    "pca_2d_iou_pct": 0.07586842247872974,
    "pca_det_area_mm2": 0,
    "pca_gt_area_mm2": 738,
    "voxel_iou_pct": 0.0782385157035878,
    "voxel_size_mm": 0.29908015282695355
  }
}