{
  "input": {
    "detected": "/home/roman/mini-mesh-eval/runs/v34_test4/lesion_binary_v34n.ply",
    "gt": "/mnt/c/Users/Roman/Documents/blender/foot_with_veins/gt_export_v12/region_lesion_top_v12.ply",
    "n_points": 20000,
    "seed": 0
  },
  "alignment": {
    "init_scale_area_ratio": 159.2540383975914,
    "scale_recon_to_mm": 160.5806882447473,
    "icp_fitness": 1.0,
    "icp_inlier_rmse_mm": 0.17979144205400663,
    "sim3_transform": [
      [
        128.77350163942444,
        95.91884602447277,
        1.7656981655047919,
        64.70914735487477
      ],
      [
        -95.64590367066958,
        128.59288265851944,
        -10.094011974950735,
        55.48740863130938
      ],
      [
        -7.443374483361865,
        7.042935755957418,
        160.25339518835116,
        41.63015094544566
      ],
      [
        0.0,
        0.0,
        0.0,
        1.0
      ]
    ]
  },
  "area": {
    "detected_area_recon_units2": 0.03210244028257479,
    "detected_area_mm2": 827.7985792433972,
    "gt_area_mm2": 814.1772348222818,
    "area_diff_mm2": 13.621344421115396,
    "area_diff_pct": 1.673019563619788
  },
  "ad_hd": {
    "AD_mm": 0.16248305020523712,
    "HD_mm": 0.6518066902018435,
    "HD90_mm": 0.2576385127826574,
    "mean_det_to_gt_mm": 0.16383709864079343,
    "mean_gt_to_det_mm": 0.16112900176968084,
    "max_det_to_gt_mm": 0.6518066902018435,
    "max_gt_to_det_mm": 0.4874602241912251,
    "p90_det_to_gt_mm": 0.2576385127826574,
    "p90_gt_to_det_mm": 0.25159931968334026
  },
  "fscore": {
    "T_0.10mm": {
      "precision": 0.1958,
      "recall": 0.1975,
      "f1": 0.19664632595982712
    },
    "T_0.20mm": {
      "precision": 0.7217,
      "recall": 0.7304,
      "f1": 0.7260239377453344
    },
    "T_0.30mm": {
      "precision": 0.9584,
      "recall": 0.9677,
      "f1": 0.9630275478947096
    },
    "T_0.50mm": {
      "precision": 0.9985,
      "recall": 1.0,
      "f1": 0.9992494370778084
    },
    "T_0.70mm": {
      "precision": 1.0,
      "recall": 1.0,
      "f1": 1.0
    },
    "T_1.00mm": {
      "precision": 1.0,
      "recall": 1.0,
      "f1": 1.0
    }
  },
  "nc": 0.9899652045391811,
  "w2_mm": 1.0443403299464404,
  "w2_nc": 0.9769772134236479,
  "w2_subsample": 2000,
  "aux_iou": {
    "pca_2d_iou_pct": 98.64128969644686,
    "pca_det_area_mm2": 733,
    "pca_gt_area_mm2": 740,
    "voxel_iou_pct": 40.64728469555677,
    "voxel_size_mm": 0.29908015282695355
  }
}