{
  "n_det_verts": 24388,
  "n_gt_verts": 6449,
  "det_area_mm2": 829.6679889459066,
  "gt_area_mm2": 814.1772348222818,
  "area_diff_mm2": 15.49075412362481,
  "area_pct_err": 1.9026267821165652,
  "vertex_dist_to_gt": {
    "mean_mm": 0.12194421887397766,
    "max_mm": 0.6681991219520569,
    "p95_mm": 0.29063840657472606,
    "p99_mm": 0.43130687505006793
  },
  "pca_2d_overlay": {
    "det_area_mm2_2d": 729,
    "gt_area_mm2_2d": 735,
    "overlap_area_mm2_2d": 727,
    "iou_pct": 98.64314789687924
  }
}