{
  "input": {
    "detected": "/home/roman/mini-mesh-eval/runs/v34_test16/lesion_final.ply",
    "gt": "/mnt/c/Users/Roman/Documents/blender/foot_with_veins/gt_export_v12/region_lesion_top_v12.ply",
    "n_points": 20000,
    "seed": 0
  },
  "alignment": {
    "init_scale_area_ratio": 66.65712480781552,
    "scale_recon_to_mm": 37.66004640418543,
    "icp_fitness": 1.0,
    "icp_inlier_rmse_mm": 0.33864788680167995,
    "sim3_transform": [
      [
        15.404841455358259,
        0.9745052717056689,
        -34.351423469429996,
        37.66078598462176
      ],
      [
        -31.093354663714564,
        -15.636074196460294,
        -14.387340777385896,
        40.9705809876957
      ],
      [
        14.634659225862903,
        -34.24678989866934,
        5.591352800948028,
        44.06931367849645
      ],
      [
        0.0,
        0.0,
        0.0,
        1.0
      ]
    ]
  },
  "area": {
    "detected_area_recon_units2": 0.18324232825413872,
    "detected_area_mm2": 259.8887635122814,
    "gt_area_mm2": 814.1772348222818,
    "area_diff_mm2": -554.2884713100004,
    "area_diff_pct": -68.079583609457
  },
  "ad_hd": {
    "AD_mm": 1.6069052537300916,
    "HD_mm": 9.44357264844962,
    "HD90_mm": 6.608216410148848,
    "mean_det_to_gt_mm": 0.2894843021369468,
    "mean_gt_to_det_mm": 2.9243262053232364,
    "max_det_to_gt_mm": 1.1677590982193984,
    "max_gt_to_det_mm": 9.44357264844962,
    "p90_det_to_gt_mm": 0.5262905554457331,
    "p90_gt_to_det_mm": 6.608216410148848
  },
  "fscore": {
    "T_0.10mm": {
      "precision": 0.07885,
      "recall": 0.04895,
      "f1": 0.06040230829420971
    },
    "T_0.20mm": {
      "precision": 0.35595,
      "recall": 0.13865,
      "f1": 0.1995651738778811
    },
    "T_0.30mm": {
      "precision": 0.6287,
      "recall": 0.2161,
      "f1": 0.3216431581439394
    },
    "T_0.50mm": {
      "precision": 0.8829,
      "recall": 0.29245,
      "f1": 0.43936547411409377
    },
    "T_0.70mm": {
      "precision": 0.9617,
      "recall": 0.32915,
      "f1": 0.49044204206530573
    },
    "T_1.00mm": {
      "precision": 0.99685,
      "recall": 0.3601,
      "f1": 0.5290772467666458
    }
  },
  "nc": 0.8751102580556385,
  "w2_mm": 5.18019950992225,
  "w2_nc": 0.9022271296653447,
  "w2_subsample": 2000,
  "aux_iou": {
    "pca_2d_iou_pct": 31.87022900763359,
    "pca_det_area_mm2": 233,
    "pca_gt_area_mm2": 733,
    "voxel_iou_pct": 10.438267840027882,
    "voxel_size_mm": 0.29908015282695355
  }
}