{
  "input": {
    "detected": "/home/roman/mini-mesh-eval/runs/v34_test13/lesion_clustered.ply",
    "gt": "/mnt/c/Users/Roman/Documents/blender/foot_with_veins/gt_export_v12/region_lesion_top_v12.ply",
    "n_points": 20000,
    "seed": 0
  },
  "alignment": {
    "init_scale_area_ratio": 109.93460292760288,
    "scale_recon_to_mm": 110.72072234442385,
    "icp_fitness": 1.0,
    "icp_inlier_rmse_mm": 0.1329783410323166,
    "sim3_transform": [
      [
        70.2816926027519,
        85.26816958523726,
        6.992946227914842,
        39.74715947090722
      ],
      [
        -85.24908743091622,
        70.56045224033979,
        -3.5908255743876145,
        46.74133677274238
      ],
      [
        -7.2218511172147215,
        -3.104865809169501,
        110.44131034725591,
        33.710720362988596
      ],
      [
        0.0,
        0.0,
        0.0,
        1.0
      ]
    ]
  },
  "area": {
    "detected_area_recon_units2": 0.0673674534080002,
    "detected_area_mm2": 825.8628900045899,
    "gt_area_mm2": 814.1772348222818,
    "area_diff_mm2": 11.685655182308096,
    "area_diff_pct": 1.4352716684419253
  },
  "ad_hd": {
    "AD_mm": 0.11498791008129973,
    "HD_mm": 0.7459185969976144,
    "HD90_mm": 0.18901403695006963,
    "mean_det_to_gt_mm": 0.11649224930661226,
    "mean_gt_to_det_mm": 0.1134835708559872,
    "max_det_to_gt_mm": 0.7459185969976144,
    "max_gt_to_det_mm": 0.40253646304790297,
    "p90_det_to_gt_mm": 0.18901403695006963,
    "p90_gt_to_det_mm": 0.185381559333177
  },
  "fscore": {
    "T_0.10mm": {
      "precision": 0.4453,
      "recall": 0.44415,
      "f1": 0.44472425656304454
    },
    "T_0.20mm": {
      "precision": 0.92435,
      "recall": 0.9326,
      "f1": 0.9284566735776408
    },
    "T_0.30mm": {
      "precision": 0.9872,
      "recall": 0.99635,
      "f1": 0.9917538957928966
    },
    "T_0.50mm": {
      "precision": 0.99705,
      "recall": 1.0,
      "f1": 0.9985228211612128
    },
    "T_0.70mm": {
      "precision": 0.9998,
      "recall": 1.0,
      "f1": 0.9998999899989999
    },
    "T_1.00mm": {
      "precision": 1.0,
      "recall": 1.0,
      "f1": 1.0
    }
  },
  "nc": 0.9920587850430598,
  "w2_mm": 1.0062980263274592,
  "w2_nc": 0.9812439183081358,
  "w2_subsample": 2000,
  "aux_iou": {
    "pca_2d_iou_pct": 99.09546115328703,
    "pca_det_area_mm2": 739,
    "pca_gt_area_mm2": 739,
    "voxel_iou_pct": 58.03026280860101,
    "voxel_size_mm": 0.3009292266442275
  }
}