{
  "input": {
    "detected": "/home/roman/mini-mesh-eval/runs/v34_test14/lesion_final.ply",
    "gt": "/mnt/c/Users/Roman/Documents/blender/foot_with_veins/gt_export_v12/region_lesion_top_v12.ply",
    "n_points": 20000,
    "seed": 0
  },
  "alignment": {
    "init_scale_area_ratio": 110.79186228290176,
    "scale_recon_to_mm": 111.6541003990576,
    "icp_fitness": 1.0,
    "icp_inlier_rmse_mm": 0.1344309909184498,
    "sim3_transform": [
      [
        78.69172790363598,
        79.08361609733929,
        4.475685470589537,
        39.194478088928506
      ],
      [
        -78.9962946476237,
        78.81717432432605,
        -3.7518794486858607,
        42.105515537232655
      ],
      [
        -5.816831389069972,
        -0.5223336292423741,
        111.50125459425858,
        40.03170105621844
      ],
      [
        0.0,
        0.0,
        0.0,
        1.0
      ]
    ]
  },
  "area": {
    "detected_area_recon_units2": 0.0663289664481618,
    "detected_area_mm2": 826.8992226390089,
    "gt_area_mm2": 814.1772348222818,
    "area_diff_mm2": 12.721987816727164,
    "area_diff_pct": 1.5625575455329592
  },
  "ad_hd": {
    "AD_mm": 0.11799621121546021,
    "HD_mm": 0.715485527066624,
    "HD90_mm": 0.19185468154665208,
    "mean_det_to_gt_mm": 0.11971507200323676,
    "mean_gt_to_det_mm": 0.11627735042768365,
    "max_det_to_gt_mm": 0.715485527066624,
    "max_gt_to_det_mm": 0.40336102587361705,
    "p90_det_to_gt_mm": 0.19185468154665208,
    "p90_gt_to_det_mm": 0.18743885405562133
  },
  "fscore": {
    "T_0.10mm": {
      "precision": 0.41465,
      "recall": 0.4219,
      "f1": 0.4182435837666607
    },
    "T_0.20mm": {
      "precision": 0.917,
      "recall": 0.93045,
      "f1": 0.923676039946954
    },
    "T_0.30mm": {
      "precision": 0.98845,
      "recall": 0.9982,
      "f1": 0.9933010746734453
    },
    "T_0.50mm": {
      "precision": 0.9982,
      "recall": 1.0,
      "f1": 0.9990991892703432
    },
    "T_0.70mm": {
      "precision": 0.99995,
      "recall": 1.0,
      "f1": 0.9999749993749844
    },
    "T_1.00mm": {
      "precision": 1.0,
      "recall": 1.0,
      "f1": 1.0
    }
  },
  "nc": 0.9906536815165683,
  "w2_mm": 0.9312863313420254,
  "w2_nc": 0.9809802426280413,
  "w2_subsample": 2000,
  "aux_iou": {
    "pca_2d_iou_pct": 99.07054209423521,
    "pca_det_area_mm2": 742,
    "pca_gt_area_mm2": 740,
    "voxel_iou_pct": 57.04745166959578,
    "voxel_size_mm": 0.30030759416290115
  }
}