{
  "input": {
    "detected": "/home/roman/mini-mesh-eval/runs/v34_test11/lesion_binary_v34n.ply",
    "gt": "/mnt/c/Users/Roman/Documents/blender/foot_with_veins/gt_export_v12/region_lesion_top_v12.ply",
    "n_points": 20000,
    "seed": 0
  },
  "alignment": {
    "init_scale_area_ratio": 69.09898606474688,
    "scale_recon_to_mm": 42.682014446758046,
    "icp_fitness": 1.0,
    "icp_inlier_rmse_mm": 0.31826429718184784,
    "sim3_transform": [
      [
        25.15012860348782,
        34.41915354003442,
        2.132430080643911,
        35.97512946651306
      ],
      [
        -34.405047035581056,
        25.223477608779916,
        -1.3502862778327809,
        39.77569011825935
      ],
      [
        -2.349069377599709,
        -0.9232573531588074,
        42.607321274075694,
        42.34968210647112
      ],
      [
        0.0,
        0.0,
        0.0,
        1.0
      ]
    ]
  },
  "area": {
    "detected_area_recon_units2": 0.17052011052224963,
    "detected_area_mm2": 310.6457543398079,
    "gt_area_mm2": 814.1772348222818,
    "area_diff_mm2": -503.53148048247385,
    "area_diff_pct": -61.84543843115246
  },
  "ad_hd": {
    "AD_mm": 1.5144389717217401,
    "HD_mm": 9.760813921632067,
    "HD90_mm": 7.155647393113526,
    "mean_det_to_gt_mm": 0.2789119106368593,
    "mean_gt_to_det_mm": 2.749966032806621,
    "max_det_to_gt_mm": 1.072578788529009,
    "max_gt_to_det_mm": 9.760813921632067,
    "p90_det_to_gt_mm": 0.48598283179452323,
    "p90_gt_to_det_mm": 7.155647393113526
  },
  "fscore": {
    "T_0.10mm": {
      "precision": 0.08275,
      "recall": 0.05655,
      "f1": 0.06718610911701364
    },
    "T_0.20mm": {
      "precision": 0.36265,
      "recall": 0.16735,
      "f1": 0.22901689622641508
    },
    "T_0.30mm": {
      "precision": 0.61725,
      "recall": 0.25425,
      "f1": 0.3601510327022375
    },
    "T_0.50mm": {
      "precision": 0.9089,
      "recall": 0.36835,
      "f1": 0.5242408533959679
    },
    "T_0.70mm": {
      "precision": 0.9863,
      "recall": 0.40735,
      "f1": 0.5765713127399275
    },
    "T_1.00mm": {
      "precision": 0.9994,
      "recall": 0.43575,
      "f1": 0.6068892450266523
    }
  },
  "nc": 0.9077534022744788,
  "w2_mm": 5.889499582756002,
  "w2_nc": 0.9690611599762835,
  "w2_subsample": 2000,
  "aux_iou": {
    "pca_2d_iou_pct": 37.86702849389417,
    "pca_det_area_mm2": 279,
    "pca_gt_area_mm2": 737,
    "voxel_iou_pct": 11.93589202867988,
    "voxel_size_mm": 0.29908015282695355
  }
}