{
  "input": {
    "detected": "/home/roman/mini-mesh-eval/runs/v34_test15/lesion_above_threshold.ply",
    "gt": "/mnt/c/Users/Roman/Documents/blender/foot_with_veins/gt_export_v12/region_lesion_top_v12.ply",
    "n_points": 20000,
    "seed": 0
  },
  "alignment": {
    "init_scale_area_ratio": 64.48293852313725,
    "scale_recon_to_mm": 65.07785385827603,
    "icp_fitness": 1.0,
    "icp_inlier_rmse_mm": 0.13278905501556668,
    "sim3_transform": [
      [
        64.28472337449963,
        -9.396189917970071,
        3.7832550123734108,
        39.927102875613144
      ],
      [
        9.35472772930827,
        64.39457219731085,
        0.9773450951414994,
        40.26733326963128
      ],
      [
        -3.8846457462307153,
        -0.4216033087230991,
        64.96044058406197,
        42.38547909570223
      ],
      [
        0.0,
        0.0,
        0.0,
        1.0
      ]
    ]
  },
  "area": {
    "detected_area_recon_units2": 0.19580749630854993,
    "detected_area_mm2": 829.2696267152897,
    "gt_area_mm2": 814.1772348222818,
    "area_diff_mm2": 15.09239189300797,
    "area_diff_pct": 1.8536985864389013
  },
  "ad_hd": {
    "AD_mm": 0.11506013002789267,
    "HD_mm": 0.7876119470648002,
    "HD90_mm": 0.18550074530207836,
    "mean_det_to_gt_mm": 0.11669308233087311,
    "mean_gt_to_det_mm": 0.11342717772491223,
    "max_det_to_gt_mm": 0.7876119470648002,
    "max_gt_to_det_mm": 0.4305029754479964,
    "p90_det_to_gt_mm": 0.18550074530207836,
    "p90_gt_to_det_mm": 0.18314138842811908
  },
  "fscore": {
    "T_0.10mm": {
      "precision": 0.444,
      "recall": 0.4441,
      "f1": 0.44404999437000336
    },
    "T_0.20mm": {
      "precision": 0.92965,
      "recall": 0.9369,
      "f1": 0.933260919878921
    },
    "T_0.30mm": {
      "precision": 0.9877,
      "recall": 0.9983,
      "f1": 0.9929717119838872
    },
    "T_0.50mm": {
      "precision": 0.99635,
      "recall": 1.0,
      "f1": 0.998171663285496
    },
    "T_0.70mm": {
      "precision": 0.99935,
      "recall": 1.0,
      "f1": 0.9996748943406607
    },
    "T_1.00mm": {
      "precision": 1.0,
      "recall": 1.0,
      "f1": 1.0
    }
  },
  "nc": 0.9876027178699185,
  "w2_mm": 0.8789692235969893,
  "w2_nc": 0.980007282066768,
  "w2_subsample": 2000,
  "aux_iou": {
    "pca_2d_iou_pct": 99.16192113462985,
    "pca_det_area_mm2": 742,
    "pca_gt_area_mm2": 740,
    "voxel_iou_pct": 58.558639212175464,
    "voxel_size_mm": 0.30294025353640774
  }
}