{
  "input": {
    "detected": "/home/roman/mini-mesh-eval/runs/v34_test12/lesion_final.ply",
    "gt": "/mnt/c/Users/Roman/Documents/blender/foot_with_veins/gt_export_v12/region_lesion_top_v12.ply",
    "n_points": 20000,
    "seed": 0
  },
  "alignment": {
    "init_scale_area_ratio": 116.4904513268754,
    "scale_recon_to_mm": 117.80860570330685,
    "icp_fitness": 1.0,
    "icp_inlier_rmse_mm": 0.13806639900913278,
    "sim3_transform": [
      [
        64.58156352345075,
        98.48930683922183,
        2.818806299374811,
        39.03089406660138
      ],
      [
        -97.96789209980852,
        64.5464651400595,
        -10.719773001354943,
        43.601914795235515
      ],
      [
        -10.506252811730507,
        3.5324006015719966,
        117.28601099706303,
        35.40104861823739
      ],
      [
        0.0,
        0.0,
        0.0,
        1.0
      ]
    ]
  },
  "area": {
    "detected_area_recon_units2": 0.05999821074776076,
    "detected_area_mm2": 832.7072218705456,
    "gt_area_mm2": 814.1772348222818,
    "area_diff_mm2": 18.52998704826382,
    "area_diff_pct": 2.275915642901577
  },
  "ad_hd": {
    "AD_mm": 0.11846638560902817,
    "HD_mm": 0.851643893488452,
    "HD90_mm": 0.19419626182741503,
    "mean_det_to_gt_mm": 0.1204120408545883,
    "mean_gt_to_det_mm": 0.11652073036346805,
    "max_det_to_gt_mm": 0.851643893488452,
    "max_gt_to_det_mm": 0.44528465590717176,
    "p90_det_to_gt_mm": 0.19419626182741503,
    "p90_gt_to_det_mm": 0.18920815826149867
  },
  "fscore": {
    "T_0.10mm": {
      "precision": 0.42255,
      "recall": 0.42645,
      "f1": 0.42449104240282687
    },
    "T_0.20mm": {
      "precision": 0.91185,
      "recall": 0.9243,
      "f1": 0.918032791438608
    },
    "T_0.30mm": {
      "precision": 0.9857,
      "recall": 0.99635,
      "f1": 0.9909963875785172
    },
    "T_0.50mm": {
      "precision": 0.9958,
      "recall": 1.0,
      "f1": 0.997895580719511
    },
    "T_0.70mm": {
      "precision": 0.9991,
      "recall": 1.0,
      "f1": 0.999549797408834
    },
    "T_1.00mm": {
      "precision": 1.0,
      "recall": 1.0,
      "f1": 1.0
    }
  },
  "nc": 0.9905386234277156,
  "w2_mm": 1.0052924384560147,
  "w2_nc": 0.9806859467478151,
  "w2_subsample": 2000,
  "aux_iou": {
    "pca_2d_iou_pct": 98.70317775038852,
    "pca_det_area_mm2": 742,
    "pca_gt_area_mm2": 740,
    "voxel_iou_pct": 57.27321048901488,
    "voxel_size_mm": 0.3021283348471652
  }
}