{
  "input": {
    "detected": "/home/roman/mini-mesh-eval/runs/v34_test15/lesion_binary_v34n.ply",
    "gt": "/mnt/c/Users/Roman/Documents/blender/foot_with_veins/gt_export_v12/region_lesion_top_v12.ply",
    "n_points": 20000,
    "seed": 0
  },
  "alignment": {
    "init_scale_area_ratio": 64.44318980086135,
    "scale_recon_to_mm": 65.04976036877376,
    "icp_fitness": 1.0,
    "icp_inlier_rmse_mm": 0.13259367179263798,
    "sim3_transform": [
      [
        64.26456539938846,
        -9.30400304875477,
        3.8694295873405715,
        39.92767507930661
      ],
      [
        9.267509284665909,
        64.38014540863423,
        0.8840095342505987,
        40.26341864448943
      ],
      [
        -3.9560371233384295,
        -0.3220690404032313,
        64.92855585831897,
        42.386387314852584
      ],
      [
        0.0,
        0.0,
        0.0,
        1.0
      ]
    ]
  },
  "area": {
    "detected_area_recon_units2": 0.19604911991940957,
    "detected_area_mm2": 829.5762290412697,
    "gt_area_mm2": 814.1772348222818,
    "area_diff_mm2": 15.398994218987923,
    "area_diff_pct": 1.8913565204693064
  },
  "ad_hd": {
    "AD_mm": 0.11491431139469628,
    "HD_mm": 0.7866766505762539,
    "HD90_mm": 0.18550901831642572,
    "mean_det_to_gt_mm": 0.11644846858508592,
    "mean_gt_to_det_mm": 0.11338015420430664,
    "max_det_to_gt_mm": 0.7866766505762539,
    "max_gt_to_det_mm": 0.3774920485506815,
    "p90_det_to_gt_mm": 0.18550901831642572,
    "p90_gt_to_det_mm": 0.18184604244092845
  },
  "fscore": {
    "T_0.10mm": {
      "precision": 0.44075,
      "recall": 0.44115,
      "f1": 0.4409499092867672
    },
    "T_0.20mm": {
      "precision": 0.9298,
      "recall": 0.939,
      "f1": 0.9343773544520548
    },
    "T_0.30mm": {
      "precision": 0.988,
      "recall": 0.99765,
      "f1": 0.9928015511293531
    },
    "T_0.50mm": {
      "precision": 0.99615,
      "recall": 1.0,
      "f1": 0.9980712872279137
    },
    "T_0.70mm": {
      "precision": 0.9996,
      "recall": 1.0,
      "f1": 0.9997999599919984
    },
    "T_1.00mm": {
      "precision": 1.0,
      "recall": 1.0,
      "f1": 1.0
    }
  },
  "nc": 0.9874214445708387,
  "w2_mm": 0.8509759310898997,
  "w2_nc": 0.9822768152864102,
  "w2_subsample": 2000,
  "aux_iou": {
    "pca_2d_iou_pct": 99.16715920692064,
    "pca_det_area_mm2": 742,
    "pca_gt_area_mm2": 740,
    "voxel_iou_pct": 59.12487620419555,
    "voxel_size_mm": 0.3029950794133786
  }
}