{
  "input": {
    "detected": "/home/roman/mini-mesh-eval/runs/v34_test16/lesion_final.ply",
    "gt": "/mnt/c/Users/Roman/Documents/blender/foot_with_veins/gt_export_v12/region_lesion_top_v12.ply",
    "n_points": 20000,
    "seed": 0
  },
  "alignment": {
    "init_scale_area_ratio": 66.65712480781552,
    "scale_recon_to_mm": 58.74281213944857,
    "icp_fitness": 0.8162,
    "icp_inlier_rmse_mm": 0.32361672648403467,
    "sim3_transform": [
      [
        19.80155742172705,
        -0.17730283727508217,
        -55.30447418996478,
        38.66466687897691
      ],
      [
        -49.84713460190792,
        -25.502094198454266,
        -17.765819472318075,
        40.736183956308494
      ],
      [
        23.955781634166783,
        -52.918141815898984,
        8.746929238256183,
        43.41108557653891
      ],
      [
        0.0,
        0.0,
        0.0,
        1.0
      ]
    ]
  },
  "area": {
    "detected_area_recon_units2": 0.18324232825413872,
    "detected_area_mm2": 632.3175964463957,
    "gt_area_mm2": 814.1772348222818,
    "area_diff_mm2": -181.8596383758861,
    "area_diff_pct": -22.336615493257106
  },
  "ad_hd": {
    "AD_mm": 0.5865665966256369,
    "HD_mm": 4.5504207468452496,
    "HD90_mm": 1.8454288344412215,
    "mean_det_to_gt_mm": 0.4405137244721387,
    "mean_gt_to_det_mm": 0.7326194687791351,
    "max_det_to_gt_mm": 2.883629038420577,
    "max_gt_to_det_mm": 4.5504207468452496,
    "p90_det_to_gt_mm": 1.0047072952973437,
    "p90_gt_to_det_mm": 1.8454288344412215
  },
  "fscore": {
    "T_0.10mm": {
      "precision": 0.07905,
      "recall": 0.07275,
      "f1": 0.07576926877470355
    },
    "T_0.20mm": {
      "precision": 0.31285,
      "recall": 0.25595,
      "f1": 0.28155399964838257
    },
    "T_0.30mm": {
      "precision": 0.4888,
      "recall": 0.3859,
      "f1": 0.43129740482451123
    },
    "T_0.50mm": {
      "precision": 0.7226,
      "recall": 0.5695,
      "f1": 0.636979645538271
    },
    "T_0.70mm": {
      "precision": 0.8162,
      "recall": 0.6548,
      "f1": 0.7266454928619986
    },
    "T_1.00mm": {
      "precision": 0.89905,
      "recall": 0.7394,
      "f1": 0.8114468796728614
    }
  },
  "nc": 0.9067108604849083,
  "w2_mm": 1.9008910776975239,
  "w2_nc": 0.9027068634448812,
  "w2_subsample": 2000,
  "aux_iou": {
    "pca_2d_iou_pct": 75.98918918918919,
    "pca_det_area_mm2": 562,
    "pca_gt_area_mm2": 740,
    "voxel_iou_pct": 13.873711874956774,
    "voxel_size_mm": 0.29908015282695355
  }
}