{"W": 3072, "H": 4096, "fx": 2870.1466474248514, "fy": 2871.12395874767, "cx": 1526.9523000026315, "cy": 2058.9012446257025, "n_frames": 92}