{
  "input": {
    "detected": "/home/roman/mini-mesh-eval/runs/v34_test10/lesion_final.ply",
    "gt": "/mnt/c/Users/Roman/Documents/blender/foot_with_veins/gt_export_v12/region_lesion_top_v12.ply",
    "n_points": 20000,
    "seed": 0
  },
  "alignment": {
    "init_scale_area_ratio": 83.70924658566936,
    "scale_recon_to_mm": 6.8893246399534975,
    "icp_fitness": 1.0,
    "icp_inlier_rmse_mm": 0.1523838760304232,
    "sim3_transform": [
      [
        2.5783631030211636,
        -4.272067756459717,
        -4.7501868161017695,
        36.76331599092128
      ],
      [
        -2.74423304865213,
        3.8852009792255293,
        -4.98369263903589,
        40.94410887477946
      ],
      [
        5.769230683404443,
        3.7573187820454583,
        -0.2476426587312712,
        45.14278108659735
      ],
      [
        0.0,
        0.0,
        0.0,
        1.0
      ]
    ]
  },
  "area": {
    "detected_area_recon_units2": 0.11619089276146738,
    "detected_area_mm2": 5.5147444071943506,
    "gt_area_mm2": 814.1772348222818,
    "area_diff_mm2": -808.6624904150874,
    "area_diff_pct": -99.32266045139446
  },
  "ad_hd": {
    "AD_mm": 4.889935762017889,
    "HD_mm": 18.13420844457318,
    "HD90_mm": 14.924263806066769,
    "mean_det_to_gt_mm": 0.13937266050280306,
    "mean_gt_to_det_mm": 9.640498863532976,
    "max_det_to_gt_mm": 0.36913675751122027,
    "max_gt_to_det_mm": 18.13420844457318,
    "p90_det_to_gt_mm": 0.22275979799331722,
    "p90_gt_to_det_mm": 14.924263806066769
  },
  "fscore": {
    "T_0.10mm": {
      "precision": 0.2842,
      "recall": 0.00515,
      "f1": 0.010116675306721964
    },
    "T_0.20mm": {
      "precision": 0.83575,
      "recall": 0.00725,
      "f1": 0.014375296559905102
    },
    "T_0.30mm": {
      "precision": 0.985,
      "recall": 0.0085,
      "f1": 0.01685455460493206
    },
    "T_0.50mm": {
      "precision": 1.0,
      "recall": 0.0114,
      "f1": 0.02254300968953925
    },
    "T_0.70mm": {
      "precision": 1.0,
      "recall": 0.0144,
      "f1": 0.028391167192429023
    },
    "T_1.00mm": {
      "precision": 1.0,
      "recall": 0.01945,
      "f1": 0.0381578302025602
    }
  },
  "nc": 0.8133910696566891,
  "w2_mm": 10.661229404190228,
  "w2_nc": 0.7983325239316971,
  "w2_subsample": 2000,
  "aux_iou": {
    "pca_2d_iou_pct": 0.782067522167759,
    "pca_det_area_mm2": 5,
    "pca_gt_area_mm2": 726,
    "voxel_iou_pct": 0.7112691709268726,
    "voxel_size_mm": 0.29908015282695355
  }
}