{"W": 3072, "H": 4096, "fx": 2934.3054235474046, "fy": 2933.505256333114, "cx": 1522.9036768539634, "cy": 2051.990631319458, "n_frames": 48}