{
  "input": {
    "detected": "/home/roman/mini-mesh-eval/runs/v34_test10/lesion_final.ply",
    "gt": "/mnt/c/Users/Roman/Documents/blender/foot_with_veins/gt_export_v12/region_lesion_top_v12.ply",
    "n_points": 20000,
    "seed": 0
  },
  "alignment": {
    "init_scale_area_ratio": 83.70924658566936,
    "scale_recon_to_mm": 81.58442773772116,
    "icp_fitness": 0.04955,
    "icp_inlier_rmse_mm": 0.2972828408452862,
    "sim3_transform": [
      [
        81.46502833701346,
        1.569481281145791,
        -4.123679891693578,
        32.062037903299554
      ],
      [
        -1.7537782682867329,
        81.48460853057716,
        -3.6334121285183514,
        36.76401735829419
      ],
      [
        4.048736732205507,
        3.716739218470044,
        81.39909354376552,
        43.42289472858192
      ],
      [
        0.0,
        0.0,
        0.0,
        1.0
      ]
    ]
  },
  "area": {
    "detected_area_recon_units2": 0.11619089276146738,
    "detected_area_mm2": 773.3687723363264,
    "gt_area_mm2": 814.1772348222818,
    "area_diff_mm2": -40.808462485955374,
    "area_diff_pct": -5.012233300144167
  },
  "ad_hd": {
    "AD_mm": 5.617669185683859,
    "HD_mm": 15.770763958185137,
    "HD90_mm": 10.73219137613041,
    "mean_det_to_gt_mm": 5.666344004125314,
    "mean_gt_to_det_mm": 5.568994367242404,
    "max_det_to_gt_mm": 15.770763958185137,
    "max_gt_to_det_mm": 13.775377362755467,
    "p90_det_to_gt_mm": 10.73219137613041,
    "p90_gt_to_det_mm": 10.72219920350412
  },
  "fscore": {
    "T_0.10mm": {
      "precision": 0.00465,
      "recall": 0.00385,
      "f1": 0.00421235294117647
    },
    "T_0.20mm": {
      "precision": 0.0166,
      "recall": 0.01445,
      "f1": 0.015450563607085344
    },
    "T_0.30mm": {
      "precision": 0.02905,
      "recall": 0.02525,
      "f1": 0.0270170349907919
    },
    "T_0.50mm": {
      "precision": 0.04955,
      "recall": 0.04415,
      "f1": 0.04669439701173959
    },
    "T_0.70mm": {
      "precision": 0.0682,
      "recall": 0.0647,
      "f1": 0.06640391271632806
    },
    "T_1.00mm": {
      "precision": 0.09815,
      "recall": 0.0957,
      "f1": 0.09690951766830024
    }
  },
  "nc": 0.29219986901308365,
  "w2_mm": 8.845088790115108,
  "w2_nc": 0.3050158149944791,
  "w2_subsample": 2000,
  "aux_iou": {
    "pca_2d_iou_pct": 20.98002175281928,
    "pca_det_area_mm2": 694,
    "pca_gt_area_mm2": 150,
    "voxel_iou_pct": 0.7741703174698433,
    "voxel_size_mm": 0.3116887425678207
  }
}